0.0,0.0,0.0,False,0.0,1678296003.8244302
0.0,0.0,0.0,False,0.0,1678296003.8660817
1.9631291627883911,0.0,0.0,False,0.0012859444264249446,1678296003.9161828
1.9631291627883911,0.0,0.0,False,0.006780029270612123,1678296003.9763806
1.9631291627883911,0.0,0.0,False,0.008386243573413657,1678296004.031536
1.9631291627883911,0.0,0.0,False,0.00703440421757994,1678296004.088287
1.9631291627883911,0.0,0.0,False,0.005028449927649537,1678296004.1476135
1.9631291627883911,0.0,0.0,False,0.0056754380255132205,1678296004.1894915
1.9631291627883911,0.0,0.0,False,0.004084997580997135,1678296004.2550623
1.9631291627883911,0.0,0.0,False,0.0005660371333490959,1678296004.3130267
1.9631291627883911,0.0,0.0,False,0.0006832410366435886,1678296004.376514
1.9631291627883911,0.0,0.0,False,0.001924336180130572,1678296004.4346344
1.9631291627883911,0.0,0.0,False,0.0010808947152126333,1678296004.4966059
1.9631291627883911,0.0,0.0,False,0.0008766901731518622,1678296004.5601964
1.9631291627883911,0.0,0.0,False,0.001608498253064352,1678296004.6245608
1.9631291627883911,0.0,0.0,False,0.0019049888293841304,1678296004.6902704
1.9631291627883911,0.0,0.0,False,0.00010556991004995163,1678296004.745129
1.9631291627883911,0.0,0.0,False,0.0019135657388075207,1678296004.7957337
1.9631291627883911,0.0,0.0,False,0.0021275284209898494,1678296004.8488085
1.9631291627883911,0.0,0.0,False,0.00014723697030678856,1678296004.9076796
1.9631291627883911,0.0,0.0,False,0.001016070713506116,1678296004.9570122
1.9631291627883911,0.0,0.0,False,0.0007842168911313987,1678296005.0118475
1.9631291627883911,0.0,0.0,False,0.0018052462062690129,1678296005.0687964
1.9631291627883911,0.0,0.0,False,7.521706199299766e-05,1678296005.1212096
1.9631291627883911,0.0,0.0,False,5.7744277918645245e-05,1678296005.174046
1.9631291627883911,0.0,0.0,False,0.0008894332387591745,1678296005.2247021
1.9631291627883911,0.0,0.0,False,0.00023216802539520112,1678296005.2967687
1.9631291627883911,0.07831127196550369,0.0,False,0.0001039173035960789,1678296005.3541582
1.9631291627883911,0.23174671828746796,0.0,False,0.0011517689331199184,1678296005.4063866
1.9631291627883911,0.28152456879615784,0.0,False,0.00210428299783008,1678296005.451886
1.9631291627883911,0.29756399989128113,0.0,False,0.0012765039648091215,1678296005.5214808
1.9631291627883911,0.30285194516181946,0.0,False,0.0003144557487283369,1678296005.5655794
1.9631291627883911,0.30285194516181946,0.0,False,0.001915859190253858,1678296005.6219985
1.9631291627883911,0.22605441510677338,0.0,False,0.001150301871633939,1678296005.6949391
1.9631291627883911,0.037560753524303436,0.0,False,0.0009314470030954195,1678296005.7439377
1.9631291627883911,0.0,0.0,False,0.0009218071023831579,1678296005.8173366
1.9631291627883911,0.0,0.0,False,0.0007634838390761334,1678296005.8701565
1.9631291627883911,0.0,0.0,False,0.0005034033237286055,1678296005.9357145
1.9631291627883911,0.0,0.0,False,0.0002651928312093732,1678296005.9797268
1.9631291627883911,0.0,0.0,False,0.0013522832430648227,1678296006.039562
1.9631291627883911,0.0,0.0,False,0.00032176587285378096,1678296006.1097782
1.9631291627883911,0.0,0.0,False,0.0008605639566726405,1678296006.1642218
1.9631291627883911,0.0,0.0,False,0.0014899073578103742,1678296006.2170475
1.9631291627883911,0.0,0.0,False,0.0006318950554914829,1678296006.2698717
1.9631291627883911,0.0,0.0,False,0.0016974475105664315,1678296006.3338742
1.9631291627883911,0.0,0.0,False,0.00035901255980502994,1678296006.4011981
1.9631291627883911,0.0,0.0,False,0.0009419606911036348,1678296006.4664161
1.9631291627883911,0.0,0.0,False,0.0014009630473543842,1678296006.543204
1.9631291627883911,0.0,0.0,False,0.0008986024709253165,1678296006.600229
1.9631291627883911,0.0,0.0,False,0.0007181645544910644,1678296006.6756942
1.9631291627883911,0.0,0.0,False,0.0007462507551077421,1678296006.7205548
1.9631291627883911,0.0,0.0,False,0.0003292485173174765,1678296006.772254
1.9631291627883911,0.0,0.0,False,0.0011807514773935722,1678296006.8326988
1.9631291627883911,0.023586783558130264,0.0,False,0.00021435094798723342,1678296006.8894863
1.9631291627883911,0.15499962866306305,0.0,False,0.0015687256905779472,1678296006.9462936
1.9631291627883911,0.22605441510677338,0.0,False,0.0009441538207655908,1678296007.0038595
1.8569142818450928,0.2761184573173523,0.0,False,0.0010313772355554035,1678296007.0656831
1.79352867603302,0.37888777256011963,0.0,False,0.00046931235989606715,1678296007.1398983
1.7149817943572998,0.47178342938423157,0.0,False,0.0,1678296007.1939955
1.6243531703948975,0.5726326107978821,0.0,False,0.0011812227441744382,1678296007.252311
1.5681437253952026,0.6819443702697754,0.0,False,0.0018082617099896348,1678296007.326488
1.515102505683899,0.7440641522407532,0.0,False,0.001509270641663436,1678296007.3806746
1.4691829681396484,0.7573432922363281,0.0,False,0.0006333334421762557,1678296007.4251468
1.4561152458190918,0.7440641522407532,0.0,False,0.002948070017258351,1678296007.476563
1.4554870128631592,0.7203779816627502,0.0,False,0.0005274696602150551,1678296007.537195
1.4554870128631592,0.656667172908783,0.0,False,0.0018754588038420504,1678296007.5939014
1.4551730155944824,0.5646185278892517,0.0,False,0.00035747107143490047,1678296007.6591895
1.4412405490875244,0.4979979991912842,0.0,False,2.1215975760095823e-05,1678296007.7252624
1.4131050109863281,0.3641510307788849,0.0,False,0.0004716156045826512,1678296007.78608
1.3740955591201782,0.044472791254520416,0.0,False,0.6781547374860311,1678296007.8376555
1.3378862142562866,0.0,0.0,False,1.2465731173926395,1678296007.8953633
1.3125355243682861,0.0,0.0,False,1.5843912515516683,1678296007.9554205
1.2919926643371582,0.0,0.0,False,1.7081811726367278,1678296008.0199928
1.2840484380722046,0.0,0.0,False,1.7381740126091767,1678296008.0764618
1.284493088722229,0.0,0.0,False,1.7148735641870785,1678296008.141897
1.284493088722229,0.0,0.0,False,1.6648476479030017,1678296008.2002227
1.284493088722229,0.08493925631046295,0.0,False,1.1934118115615457,1678296008.2486155
1.284493088722229,0.23174671828746796,0.0,False,0.8350970247570236,1678296008.3347452
1.284493088722229,0.339079886674881,0.0,False,0.6597850775435459,1678296008.4039578
1.284493088722229,0.31854456663131714,0.0,False,0.7989160964945765,1678296008.452155
1.2409497499465942,0.13010603189468384,0.0,False,0.6577263984277169,1678296008.5006964
1.1580432653427124,0.030598990619182587,0.0,False,0.7350866490066192,1678296008.5564528
1.0638787746429443,0.0,0.0,False,1.031058991305635,1678296008.6109517
0.9509813189506531,0.0,0.0,False,1.2068475435158903,1678296008.6655955
0.8507382273674011,0.0,0.0,False,1.3066121464214833,1678296008.7402883
0.7618525624275208,0.0,0.0,False,1.3424351888405148,1678296008.8018909
0.6677794456481934,0.0,0.0,False,1.3180166827274498,1678296008.8491418
0.6135671734809875,0.07831127196550369,0.0,False,0.8762844476379121,1678296008.9336598
0.5837447643280029,0.20294435322284698,0.0,False,0.446417914694802,1678296008.9917457
0.5370738506317139,0.4217974543571472,0.0,False,0.2874898848564326,1678296009.052182
0.5040920376777649,0.5277103185653687,0.0,False,0.43988291540943114,1678296009.1111681
0.46688228845596313,0.6117368936538696,0.0,False,0.9772838028520717,1678296009.1674855
0.4264131784439087,0.6855021119117737,0.0,False,1.414565354941428,1678296009.2338452
0.38323742151260376,0.7339838743209839,0.0,False,2.2717985786354493,1678296009.3066185
0.3345774710178375,0.7704426646232605,0.0,False,3.2317005918510904,1678296009.3612216
0.28446948528289795,0.7865714430809021,0.0,False,4.22255641138403,1678296009.4252863
0.2503320276737213,0.7961212396621704,0.0,False,5.12587420140138,1678296009.480627
0.21487289667129517,0.8087093830108643,0.0,False,5.947251407274248,1678296009.5377533
0.18950414657592773,0.8334048986434937,0.0,False,6.679829185289623,1678296009.5917819
0.17102980613708496,0.8485255837440491,0.0,False,7.410655152104469,1678296009.6504555
0.16233526170253754,0.8425056338310242,0.0,False,8.120842264385299,1678296009.7101283
0.16143958270549774,0.7961212396621704,0.0,False,8.865410198977214,1678296009.7543905
0.16143958270549774,0.7573432922363281,0.0,False,9.43303038592987,1678296009.806258
0.16143958270549774,0.7306002974510193,0.0,False,9.462423863524904,1678296009.8601367
0.16140513122081757,0.7203779816627502,0.0,False,9.45420888099945,1678296009.917017
0.15033309161663055,0.7065780758857727,0.0,False,9.449387943919078,1678296009.9550772
0.12686119973659515,0.6675812005996704,0.0,False,9.44804032427457,1678296010.007897
0.1066145971417427,0.6307119727134705,0.0,False,9.444627773956336,1678296010.0767155
0.07324457168579102,0.5726326107978821,0.0,False,9.43945207143907,1678296010.1327221
0.03176727145910263,0.502298891544342,0.0,False,9.431964168178949,1678296010.181371
0.0012084966292604804,0.44938206672668457,0.0,False,9.42202320387959,1678296010.226834
-0.0214540958404541,0.4217974543571472,0.0,False,9.41214830518636,1678296010.285519
-0.041212886571884155,0.4356880486011505,0.0,False,9.920987828275411,1678296010.3411884
-0.0639357790350914,0.4893384873867035,0.0,False,10.888056789302778,1678296010.3996236
-0.08391808718442917,0.5524715185165405,0.0,False,11.575750296360479,1678296010.4566648
-0.10366177558898926,0.5884644389152527,0.0,False,12.145782561480706,1678296010.5054257
-0.12086233496665955,0.6155617833137512,0.0,False,12.624128395259667,1678296010.580022
-0.13454335927963257,0.6419209837913513,0.0,False,12.95310989003505,1678296010.6431441
-0.15335531532764435,0.6890468001365662,0.0,False,12.997818144166482,1678296010.700479
-0.16309334337711334,0.7203779816627502,0.0,False,13.625533754359555,1678296010.7537618
-0.16719703376293182,0.737355649471283,0.0,False,14.20669011633748,1678296010.8073106
-0.16726605594158173,0.754040539264679,0.0,False,14.798900490491459,1678296010.8829288
-0.16726605594158173,0.7736899852752686,0.0,False,15.480043789394088,1678296010.9357133
-0.16726605594158173,0.8024357557296753,0.0,False,16.2290490061493,1678296010.9865541
-0.16726605594158173,0.8055776953697205,0.0,False,16.8652688970192,1678296011.0368896
-0.16726605594158173,0.7992836236953735,0.0,False,17.466320544020594,1678296011.1036139
-0.16726605594158173,0.7769264578819275,0.0,False,18.04921257907988,1678296011.1406257
-0.16726605594158173,0.7704426646232605,0.0,False,18.703829957788724,1678296011.2053206
-0.16726605594158173,0.7769264578819275,0.0,False,19.402078849022196,1678296011.2774782
-0.16726605594158173,0.7769264578819275,0.0,False,20.133711496282718,1678296011.3307405
-0.16726605594158173,0.7704426646232605,0.0,False,20.761778656730993,1678296011.38743
-0.16664496064186096,0.754040539264679,0.0,False,21.30421509724037,1678296011.445363
-0.1579626053571701,0.7306002974510193,0.0,False,21.860729206876872,1678296011.5085258
-0.14741645753383636,0.7306002974510193,0.0,False,22.42521893486176,1678296011.5570183
-0.13262993097305298,0.7306002974510193,0.0,False,22.930717344043167,1678296011.6194818
-0.11824055016040802,0.7306002974510193,0.0,False,23.47198384035278,1678296011.681139
-0.09799869358539581,0.7306002974510193,0.0,False,23.901315857899263,1678296011.745515
-0.07472971081733704,0.7306002974510193,0.0,False,24.43915733871633,1678296011.7910984
-0.04884861409664154,0.7272047996520996,0.0,False,24.770207866654186,1678296011.852795
-0.03230493143200874,0.7272047996520996,0.0,False,24.751170099811542,1678296011.9071286
-0.010306150652468204,0.7272047996520996,0.0,False,24.727933740584355,1678296011.9575071
0.007754671853035688,0.7272047996520996,0.0,False,24.70186780244257,1678296012.0181706
0.022495249286293983,0.7272047996520996,0.0,False,24.675941727499367,1678296012.0892165
0.03489268943667412,0.7272047996520996,0.0,False,24.64202576534202,1678296012.1564443
0.03741368278861046,0.7237974405288696,0.0,False,24.609081143781268,1678296012.2037177
0.03741368278861046,0.7237974405288696,0.0,False,24.584841105664903,1678296012.266706
0.03741368278861046,0.7237974405288696,0.0,False,24.559617971279078,1678296012.3178682
0.03741368278861046,0.7237974405288696,0.0,False,24.950922419052542,1678296012.3803496
0.03741368278861046,0.7237974405288696,0.0,False,25.780254636807726,1678296012.436056
0.03741368278861046,0.7237974405288696,0.0,False,26.47542231809663,1678296012.5023758
0.0363716185092926,0.7203779816627502,0.0,False,27.125484046706102,1678296012.5520322
0.028978444635868073,0.7135026454925537,0.0,False,27.72271344448473,1678296012.6134772
0.01870029978454113,0.7100465297698975,0.0,False,28.287580280802953,1678296012.6661022
0.0049683027900755405,0.7100465297698975,0.0,False,28.750164120029797,1678296012.7317622
-0.006848251447081566,0.7100465297698975,0.0,False,29.22985094727023,1678296012.7812016
-0.01943909376859665,0.7065780758857727,0.0,False,29.659397197912515,1678296012.8442018
-0.02827291004359722,0.6960974335670471,0.0,False,30.10903877272,1678296012.9048696
-0.037985172122716904,0.6925785541534424,0.0,False,30.530870737581502,1678296012.9601774
-0.044441454112529755,0.6890468001365662,0.0,False,30.944868830312874,1678296013.0112078
-0.04847847670316696,0.6890468001365662,0.0,False,31.28058355421827,1678296013.060205
-0.05187751725316048,0.6855021119117737,0.0,False,31.676466070411347,1678296013.1252112
-0.05558080971240997,0.6855021119117737,0.0,False,32.037451186612344,1678296013.175098
-0.059386685490608215,0.6855021119117737,0.0,False,32.34090539212394,1678296013.255051
-0.061003852635622025,0.6855021119117737,0.0,False,32.712322866833176,1678296013.3190935
-0.06349761039018631,0.6996036171913147,0.0,False,33.14185456712497,1678296013.3659403
-0.06845378875732422,0.7203779816627502,0.0,False,33.49707941645135,1678296013.4253023
-0.07348082214593887,0.7203779816627502,0.0,False,33.81720621936763,1678296013.484629
-0.08057224005460739,0.7065780758857727,0.0,False,34.16742902128445,1678296013.5464818
-0.08872045576572418,0.6855021119117737,0.0,False,34.49076139249979,1678296013.59884
-0.0961349830031395,0.6747894287109375,0.0,False,34.79330884686915,1678296013.6667686
-0.10047338902950287,0.6675812005996704,0.0,False,35.086992766331505,1678296013.721689
-0.1030510738492012,0.6675812005996704,0.0,False,35.36146057665476,1678296013.7713597
-0.10311892628669739,0.6603188514709473,0.0,False,35.603045105907185,1678296013.8228383
-0.10311892628669739,0.6603188514709473,0.0,False,35.603045105907185,1678296013.8332822
-0.10311892628669739,0.6603188514709473,0.0,False,35.603045105907185,1678296013.8487673
-0.10311892628669739,0.6603188514709473,0.0,False,35.603045105907185,1678296013.8650799
-0.10417075455188751,0.6419209837913513,0.0,False,35.699626403503274,1678296013.894549
-0.10417075455188751,0.6419209837913513,0.0,False,35.699626403503274,1678296013.9072683
-0.10417075455188751,0.6419209837913513,0.0,False,35.699626403503274,1678296013.920487
-0.11749176681041718,0.5962842702865601,0.0,False,35.61770498308519,1678296013.9575675
-0.11749176681041718,0.5962842702865601,0.0,False,35.61770498308519,1678296013.9688406
-0.11749176681041718,0.5962842702865601,0.0,False,35.61770498308519,1678296013.9842517
-0.1290448009967804,0.5845307111740112,0.0,False,35.53727142505466,1678296014.013976
-0.1290448009967804,0.5845307111740112,0.0,False,35.53727142505466,1678296014.0297136
-0.1290448009967804,0.5845307111740112,0.0,False,35.53727142505466,1678296014.0407252
-0.14340579509735107,0.5646185278892517,0.0,False,35.44597490663333,1678296014.0702293
-0.14340579509735107,0.5646185278892517,0.0,False,35.44597490663333,1678296014.0816052
-0.15562376379966736,0.5442879796028137,0.0,False,35.35506685939677,1678296014.0974667
-0.15562376379966736,0.5442879796028137,0.0,False,35.35506685939677,1678296014.124327
-0.15562376379966736,0.5442879796028137,0.0,False,35.35506685939677,1678296014.1361496
-0.15562376379966736,0.5442879796028137,0.0,False,35.35506685939677,1678296014.1508296
-0.16650696098804474,0.5150880217552185,0.0,False,35.259420025118025,1678296014.1789753
-0.16650696098804474,0.5150880217552185,0.0,False,35.259420025118025,1678296014.1903992
-0.16650696098804474,0.5150880217552185,0.0,False,35.259420025118025,1678296014.204558
-0.17165179550647736,0.49367794394493103,0.0,False,35.16787216173162,1678296014.231028
-0.17165179550647736,0.49367794394493103,0.0,False,35.16787216173162,1678296014.2449224
-0.17165179550647736,0.49367794394493103,0.0,False,35.16787216173162,1678296014.2598815
-0.17465989291667938,0.41242504119873047,0.0,False,35.07054926906056,1678296014.2811139
-0.17465989291667938,0.41242504119873047,0.0,False,35.07054926906056,1678296014.2937436
-0.17465989291667938,0.41242504119873047,0.0,False,35.07054926906056,1678296014.3078454
-0.17465989291667938,0.41242504119873047,0.0,False,35.07054926906056,1678296014.3241074
-0.1744869351387024,0.28152456879615784,0.0,False,34.97930586944922,1678296014.3517113
-0.1744869351387024,0.28152456879615784,0.0,False,34.97930586944922,1678296014.3627052
-0.1744869351387024,0.28152456879615784,0.0,False,34.97930586944922,1678296014.381725
-0.17248131334781647,0.11100637912750244,0.0,False,35.32467062015828,1678296014.4131794
-0.17248131334781647,0.11100637912750244,0.0,False,35.32467062015828,1678296014.4232285
-0.17248131334781647,0.11100637912750244,0.0,False,35.32467062015828,1678296014.4408882
-0.17248131334781647,0.11100637912750244,0.0,False,35.32467062015828,1678296014.456152
-0.16812889277935028,0.0,0.0,False,35.37888480645611,1678296014.4792154
-0.16812889277935028,0.0,0.0,False,35.37888480645611,1678296014.4897268
-0.16188739240169525,0.0,0.0,False,35.10411422318123,1678296014.5062943
-0.16188739240169525,0.0,0.0,False,35.10411422318123,1678296014.5348966
-0.16188739240169525,0.0,0.0,False,35.10411422318123,1678296014.5451021
-0.15411129593849182,0.0,0.0,False,34.76687655561678,1678296014.5701015
-0.15411129593849182,0.0,0.0,False,34.76687655561678,1678296014.5817783
-0.15411129593849182,0.0,0.0,False,34.76687655561678,1678296014.5958037
-0.14066606760025024,0.0,0.0,False,34.241813444366855,1678296014.6132164
-0.14066606760025024,0.0,0.0,False,34.241813444366855,1678296014.6435142
-0.14066606760025024,0.0,0.0,False,34.241813444366855,1678296014.6543589
-0.14066606760025024,0.0,0.0,False,34.241813444366855,1678296014.670259
-0.12202052026987076,0.0,0.0,False,33.75057462436774,1678296014.6975217
-0.12202052026987076,0.0,0.0,False,33.75057462436774,1678296014.708184
-0.12202052026987076,0.0,0.0,False,33.75057462436774,1678296014.7240765
-0.1110982671380043,0.0,0.0,False,33.16973076840686,1678296014.7497566
-0.1110982671380043,0.0,0.0,False,33.16973076840686,1678296014.7605832
-0.09627050161361694,0.0,0.0,False,32.571928273144735,1678296014.7764294
-0.09627050161361694,0.0,0.0,False,32.571928273144735,1678296014.8018506
-0.09627050161361694,0.0,0.0,False,32.571928273144735,1678296014.8128242
-0.09627050161361694,0.0,0.0,False,32.571928273144735,1678296014.828182
-0.08939716964960098,0.0,0.0,False,32.05240334099439,1678296014.8599408
-0.08939716964960098,0.0,0.0,False,32.05240334099439,1678296014.8705728
-0.0778360664844513,0.0,0.0,False,31.132573043706323,1678296014.8924506
-0.0778360664844513,0.0,0.0,False,31.132573043706323,1678296014.906677
-0.0778360664844513,0.0,0.0,False,31.132573043706323,1678296014.9222987
-0.07078130543231964,0.0,0.0,False,30.633015140821175,1678296014.9465005
-0.07078130543231964,0.0,0.0,False,30.633015140821175,1678296014.9645023
-0.07078130543231964,0.0,0.0,False,30.633015140821175,1678296014.975918
-0.07078130543231964,0.0,0.0,False,30.633015140821175,1678296014.9901314
-0.06221693381667137,0.0,0.0,False,30.03889132927628,1678296015.0146995
-0.06221693381667137,0.0,0.0,False,30.03889132927628,1678296015.0254245
-0.06221693381667137,0.0,0.0,False,30.03889132927628,1678296015.0410416
-0.050800468772649765,0.0,0.0,False,29.4233005364901,1678296015.0716224
-0.050800468772649765,0.0,0.0,False,29.4233005364901,1678296015.086227
-0.04514782503247261,0.07831127196550369,0.0,False,28.921921882314688,1678296015.1016243
-0.04514782503247261,0.07831127196550369,0.0,False,28.921921882314688,1678296015.1314707
-0.04514782503247261,0.07831127196550369,0.0,False,28.921921882314688,1678296015.1439385
-0.04514782503247261,0.07831127196550369,0.0,False,28.921921882314688,1678296015.1592376
-0.04265890643000603,0.15499962866306305,0.0,False,28.35978688728073,1678296015.1858838
-0.04265890643000603,0.15499962866306305,0.0,False,28.35978688728073,1678296015.201169
-0.04265890643000603,0.15499962866306305,0.0,False,28.35978688728073,1678296015.2119873
-0.04265890643000603,0.18524228036403656,0.0,False,27.36663698114362,1678296015.247508
-0.04265890643000603,0.18524228036403656,0.0,False,27.36663698114362,1678296015.2618496
-0.04265890643000603,0.22605441510677338,0.0,False,26.987541263008637,1678296015.2772584
-0.04265890643000603,0.22605441510677338,0.0,False,26.987541263008637,1678296015.3155158
-0.04265890643000603,0.22605441510677338,0.0,False,26.987541263008637,1678296015.329988
-0.04265890643000603,0.25418686866760254,0.0,False,26.657165568501014,1678296015.3568301
-0.04265890643000603,0.25418686866760254,0.0,False,26.657165568501014,1678296015.3670082
-0.04265890643000603,0.25418686866760254,0.0,False,26.657165568501014,1678296015.3829594
-0.04265890643000603,0.25971654057502747,0.0,False,26.376661719642907,1678296015.4156785
-0.04265890643000603,0.25971654057502747,0.0,False,26.376661719642907,1678296015.4298904
-0.04265890643000603,0.2706819772720337,0.0,False,26.139964426143933,1678296015.4455733
-0.04265890643000603,0.2706819772720337,0.0,False,26.139964426143933,1678296015.4767451
-0.04265890643000603,0.2706819772720337,0.0,False,26.139964426143933,1678296015.4900327
-0.04265890643000603,0.2761184573173523,0.0,False,25.961919470539634,1678296015.5181026
-0.04265890643000603,0.2761184573173523,0.0,False,25.961919470539634,1678296015.5285907
-0.04265890643000603,0.2761184573173523,0.0,False,25.961919470539634,1678296015.544228
-0.04265890643000603,0.28152456879615784,0.0,False,25.767475477794047,1678296015.5741365
-0.04265890643000603,0.28152456879615784,0.0,False,25.767475477794047,1678296015.5883298
-0.04299521446228027,0.28152456879615784,0.0,False,25.64622208904819,1678296015.60377
-0.04299521446228027,0.28152456879615784,0.0,False,25.64622208904819,1678296015.6346338
-0.04299521446228027,0.28152456879615784,0.0,False,25.64622208904819,1678296015.6470804
-0.04894956201314926,0.28152456879615784,0.0,False,25.44824537217308,1678296015.6695442
-0.04894956201314926,0.28152456879615784,0.0,False,25.44824537217308,1678296015.6844625
-0.04894956201314926,0.28152456879615784,0.0,False,25.44824537217308,1678296015.698046
-0.057331979274749756,0.28152456879615784,0.0,False,25.287086688217368,1678296015.7139158
-0.057331979274749756,0.28152456879615784,0.0,False,25.287086688217368,1678296015.7467513
-0.057331979274749756,0.28152456879615784,0.0,False,25.287086688217368,1678296015.7576346
-0.07108494639396667,0.28152456879615784,0.0,False,25.1247123812962,1678296015.7751803
-0.07108494639396667,0.28152456879615784,0.0,False,25.1247123812962,1678296015.8040159
-0.07108494639396667,0.28152456879615784,0.0,False,25.1247123812962,1678296015.8186707
-0.08797616511583328,0.28152456879615784,0.0,False,24.962612519998995,1678296015.848923
-0.08797616511583328,0.28152456879615784,0.0,False,24.962612519998995,1678296015.8632097
-0.08797616511583328,0.28152456879615784,0.0,False,24.962612519998995,1678296015.8782742
-0.10047338902950287,0.28152456879615784,0.0,False,24.82433528105664,1678296015.89437
-0.10047338902950287,0.28152456879615784,0.0,False,24.82433528105664,1678296015.9199412
-0.10047338902950287,0.28152456879615784,0.0,False,24.82433528105664,1678296015.9348216
-0.10047338902950287,0.28152456879615784,0.0,False,24.82433528105664,1678296015.9486015
-0.12805521488189697,0.26521480083465576,0.0,False,24.634981271151208,1678296015.9782255
-0.12805521488189697,0.26521480083465576,0.0,False,24.634981271151208,1678296015.9914215
-0.12805521488189697,0.26521480083465576,0.0,False,24.634981271151208,1678296016.0045714
-0.1471763700246811,0.23740573227405548,0.0,False,24.451727745086824,1678296016.0350645
-0.1471763700246811,0.23740573227405548,0.0,False,24.451727745086824,1678296016.04774
-0.1471763700246811,0.23740573227405548,0.0,False,24.451727745086824,1678296016.0617113
-0.16554111242294312,0.17926888167858124,0.0,False,24.256806806954966,1678296016.0858934
-0.16554111242294312,0.17926888167858124,0.0,False,24.256806806954966,1678296016.0968676
-0.16554111242294312,0.17926888167858124,0.0,False,24.256806806954966,1678296016.1115134
-0.1796802431344986,0.11741490662097931,0.0,False,24.036439261083423,1678296016.1295986
-0.1796802431344986,0.11741490662097931,0.0,False,24.036439261083423,1678296016.1553483
-0.1796802431344986,0.11741490662097931,0.0,False,24.036439261083423,1678296016.1703987
-0.18957369029521942,0.11100637912750244,0.0,False,23.75445871707877,1678296016.1940963
-0.18957369029521942,0.11100637912750244,0.0,False,23.75445871707877,1678296016.2080154
-0.18957369029521942,0.11100637912750244,0.0,False,23.75445871707877,1678296016.2195141
-0.19713060557842255,0.11741490662097931,0.0,False,23.693578801895555,1678296016.2485332
-0.19713060557842255,0.11741490662097931,0.0,False,23.693578801895555,1678296016.262734
-0.199503093957901,0.13638971745967865,0.0,False,23.670078195488603,1678296016.2787492
-0.199503093957901,0.13638971745967865,0.0,False,23.670078195488603,1678296016.3064864
-0.199503093957901,0.13638971745967865,0.0,False,23.670078195488603,1678296016.320929
-0.19908426702022552,0.16112424433231354,0.0,False,23.650972994593513,1678296016.336837
-0.19908426702022552,0.16112424433231354,0.0,False,23.650972994593513,1678296016.3590713
-0.19908426702022552,0.16112424433231354,0.0,False,23.650972994593513,1678296016.3730402
-0.1960497349500656,0.17325839400291443,0.0,False,23.63514864856576,1678296016.3847516
-0.1960497349500656,0.17325839400291443,0.0,False,23.63514864856576,1678296016.4112587
-0.1960497349500656,0.17325839400291443,0.0,False,23.63514864856576,1678296016.421584
-0.1960497349500656,0.17325839400291443,0.0,False,23.63514864856576,1678296016.4372933
-0.1960497349500656,0.17325839400291443,0.0,False,23.63514864856576,1678296016.4540505
-0.19399382174015045,0.17325839400291443,0.0,False,23.62210683458073,1678296016.4852588
-0.19399382174015045,0.17325839400291443,0.0,False,23.62210683458073,1678296016.5003324
-0.19399382174015045,0.17325839400291443,0.0,False,23.62210683458073,1678296016.5116105
-0.1888435035943985,0.17325839400291443,0.0,False,23.604689903048712,1678296016.531076
-0.1888435035943985,0.17325839400291443,0.0,False,23.604689903048712,1678296016.5625541
-0.1888435035943985,0.17325839400291443,0.0,False,23.604689903048712,1678296016.5738082
-0.18415400385856628,0.17325839400291443,0.0,False,23.590043688907308,1678296016.5906117
-0.18415400385856628,0.17325839400291443,0.0,False,23.590043688907308,1678296016.6168141
-0.18415400385856628,0.17325839400291443,0.0,False,23.590043688907308,1678296016.6272292
-0.17926444113254547,0.17325839400291443,0.0,False,23.577044055715014,1678296016.643123
-0.17926444113254547,0.17325839400291443,0.0,False,23.577044055715014,1678296016.6744823
-0.17926444113254547,0.17325839400291443,0.0,False,23.577044055715014,1678296016.6852236
-0.1736222803592682,0.17325839400291443,0.0,False,23.347944956229416,1678296016.7040787
-0.1736222803592682,0.17325839400291443,0.0,False,23.347944956229416,1678296016.7390375
-0.1736222803592682,0.17325839400291443,0.0,False,23.347944956229416,1678296016.7505262
-0.16750763356685638,0.17325839400291443,0.0,False,22.265939813317253,1678296016.773561
-0.16750763356685638,0.17325839400291443,0.0,False,22.265939813317253,1678296016.7954938
-0.16750763356685638,0.17325839400291443,0.0,False,22.265939813317253,1678296016.8067493
-0.16750763356685638,0.17325839400291443,0.0,False,22.265939813317253,1678296016.8217819
-0.16398948431015015,0.17325839400291443,0.0,False,21.317688382307036,1678296016.8489025
-0.16398948431015015,0.17325839400291443,0.0,False,21.317688382307036,1678296016.8598418
-0.16398948431015015,0.17325839400291443,0.0,False,21.317688382307036,1678296016.8750868
-0.16178403794765472,0.17325839400291443,0.0,False,20.617201667001854,1678296016.9030895
-0.16178403794765472,0.17325839400291443,0.0,False,20.617201667001854,1678296016.9153416
-0.1606130301952362,0.17325839400291443,0.0,False,20.12421241981535,1678296016.9409266
-0.1606130301952362,0.17325839400291443,0.0,False,20.12421241981535,1678296016.9522638
-0.15779057145118713,0.17325839400291443,0.0,False,19.72086482439147,1678296016.9676652
-0.15779057145118713,0.17325839400291443,0.0,False,19.72086482439147,1678296016.991721
-0.15779057145118713,0.17325839400291443,0.0,False,19.72086482439147,1678296017.0023987
-0.15119139850139618,0.17325839400291443,0.0,False,19.35283581499731,1678296017.0190134
-0.15119139850139618,0.17325839400291443,0.0,False,19.35283581499731,1678296017.0493345
-0.15119139850139618,0.17325839400291443,0.0,False,19.35283581499731,1678296017.0626085
-0.14224115014076233,0.15499962866306305,0.0,False,18.95922359510917,1678296017.0869446
-0.14224115014076233,0.15499962866306305,0.0,False,18.95922359510917,1678296017.0987678
-0.14224115014076233,0.15499962866306305,0.0,False,18.95922359510917,1678296017.1141021
-0.13512441515922546,0.14883600175380707,0.0,False,18.637660749316215,1678296017.148433
-0.13512441515922546,0.14883600175380707,0.0,False,18.637660749316215,1678296017.1626456
-0.12682709097862244,0.13638971745967865,0.0,False,18.32361273728283,1678296017.17835
-0.12682709097862244,0.13638971745967865,0.0,False,18.32361273728283,1678296017.2030692
-0.12682709097862244,0.13638971745967865,0.0,False,18.32361273728283,1678296017.2156746
-0.12682709097862244,0.13638971745967865,0.0,False,18.32361273728283,1678296017.2293215
-0.11698130518198013,0.13010603189468384,0.0,False,17.970147012631365,1678296017.2555368
-0.11698130518198013,0.13010603189468384,0.0,False,17.970147012631365,1678296017.269779
-0.10664854943752289,0.11100637912750244,0.0,False,17.64207655080452,1678296017.2908773
-0.10664854943752289,0.11100637912750244,0.0,False,17.64207655080452,1678296017.3014052
-0.10664854943752289,0.11100637912750244,0.0,False,17.64207655080452,1678296017.3169384
-0.10664854943752289,0.11100637912750244,0.0,False,17.64207655080452,1678296017.3336344
-0.09925283491611481,0.07831127196550369,0.0,False,17.32509632038584,1678296017.3602252
-0.09925283491611481,0.07831127196550369,0.0,False,17.32509632038584,1678296017.3750489
-0.09925283491611481,0.07831127196550369,0.0,False,17.32509632038584,1678296017.3868906
-0.08696138113737106,0.037560753524303436,0.0,False,16.91202114246032,1678296017.4106865
-0.08696138113737106,0.037560753524303436,0.0,False,16.91202114246032,1678296017.421301
-0.08696138113737106,0.037560753524303436,0.0,False,16.91202114246032,1678296017.4378288
-0.08067359775304794,0.037560753524303436,0.0,False,16.47631805577417,1678296017.4660404
-0.08067359775304794,0.037560753524303436,0.0,False,16.47631805577417,1678296017.4764864
-0.08067359775304794,0.037560753524303436,0.0,False,16.47631805577417,1678296017.492669
-0.07790360599756241,0.06491752713918686,0.0,False,16.106876707719426,1678296017.5275373
-0.07790360599756241,0.06491752713918686,0.0,False,16.106876707719426,1678296017.539427
-0.07780229300260544,0.11741490662097931,0.0,False,15.717612734746258,1678296017.5643644
-0.07780229300260544,0.11741490662097931,0.0,False,15.717612734746258,1678296017.5796614
-0.07780229300260544,0.11741490662097931,0.0,False,15.717612734746258,1678296017.5951674
-0.07780229300260544,0.18524228036403656,0.0,False,15.388531014067077,1678296017.623212
-0.07780229300260544,0.18524228036403656,0.0,False,15.388531014067077,1678296017.6376848
-0.07780229300260544,0.18524228036403656,0.0,False,15.388531014067077,1678296017.6487722
-0.07780229300260544,0.18524228036403656,0.0,False,15.388531014067077,1678296017.6661637
-0.07780229300260544,0.23740573227405548,0.0,False,15.120853317058762,1678296017.6888852
-0.07780229300260544,0.23740573227405548,0.0,False,15.120853317058762,1678296017.699386
-0.07780229300260544,0.23740573227405548,0.0,False,15.120853317058762,1678296017.7148466
-0.07780229300260544,0.333986759185791,0.0,False,14.941166963036984,1678296017.7425935
-0.07780229300260544,0.333986759185791,0.0,False,14.941166963036984,1678296017.7560172
-0.07780229300260544,0.333986759185791,0.0,False,14.941166963036984,1678296017.7702584
-0.07780229300260544,0.44027429819107056,0.0,False,14.854314942696135,1678296017.7988405
-0.07780229300260544,0.44027429819107056,0.0,False,14.854314942696135,1678296017.8099935
-0.07780229300260544,0.502298891544342,0.0,False,14.883323726370966,1678296017.8308675
-0.07780229300260544,0.502298891544342,0.0,False,14.883323726370966,1678296017.8421586
-0.07780229300260544,0.502298891544342,0.0,False,14.883323726370966,1678296017.858994
-0.07780229300260544,0.502298891544342,0.0,False,14.883323726370966,1678296017.8737578
-0.07780229300260544,0.5277103185653687,0.0,False,14.98753092816873,1678296017.9079714
-0.07780229300260544,0.5277103185653687,0.0,False,14.98753092816873,1678296017.9222507
-0.07780229300260544,0.5277103185653687,0.0,False,14.98753092816873,1678296017.9337394
-0.07780229300260544,0.5565375089645386,0.0,False,15.247546906420705,1678296017.967776
-0.07780229300260544,0.5565375089645386,0.0,False,15.247546906420705,1678296017.9793975
-0.07780229300260544,0.5766149163246155,0.0,False,15.48287908733532,1678296018.0073166
-0.07780229300260544,0.5766149163246155,0.0,False,15.48287908733532,1678296018.0190618
-0.07780229300260544,0.5766149163246155,0.0,False,15.48287908733532,1678296018.034196
-0.07780229300260544,0.6001706123352051,0.0,False,15.752795310573854,1678296018.057622
-0.07780229300260544,0.6001706123352051,0.0,False,15.752795310573854,1678296018.0700033
-0.07780229300260544,0.6001706123352051,0.0,False,15.752795310573854,1678296018.084673
-0.07780229300260544,0.6155617833137512,0.0,False,16.097280727758296,1678296018.112401
-0.07780229300260544,0.6155617833137512,0.0,False,16.097280727758296,1678296018.124521
-0.0771268755197525,0.6269466280937195,0.0,False,16.385007429977378,1678296018.1392872
-0.0771268755197525,0.6269466280937195,0.0,False,16.385007429977378,1678296018.1705399
-0.0771268755197525,0.6269466280937195,0.0,False,16.385007429977378,1678296018.1809473
-0.07483097910881042,0.6344627737998962,0.0,False,16.72641111938944,1678296018.2176661
-0.07483097910881042,0.6344627737998962,0.0,False,16.72641111938944,1678296018.2314777
-0.06831888854503632,0.6493221521377563,0.0,False,17.075988030078985,1678296018.2612894
-0.06831888854503632,0.6493221521377563,0.0,False,17.075988030078985,1678296018.274129
-0.06831888854503632,0.6493221521377563,0.0,False,17.075988030078985,1678296018.2870216
-0.06231803447008133,0.6603188514709473,0.0,False,17.485891372322023,1678296018.3172777
-0.06231803447008133,0.6603188514709473,0.0,False,17.485891372322023,1678296018.3285122
-0.06231803447008133,0.6603188514709473,0.0,False,17.485891372322023,1678296018.3458245
-0.055984895676374435,0.6747894287109375,0.0,False,17.91822412173039,1678296018.3726428
-0.055984895676374435,0.6747894287109375,0.0,False,17.91822412173039,1678296018.3877308
-0.05251707509160042,0.6890468001365662,0.0,False,18.406354581802283,1678296018.4035742
-0.05251707509160042,0.6890468001365662,0.0,False,18.406354581802283,1678296018.427968
-0.05251707509160042,0.6890468001365662,0.0,False,18.406354581802283,1678296018.4383066
-0.05147361010313034,0.7065780758857727,0.0,False,18.898403241923578,1678296018.4612842
-0.05147361010313034,0.7065780758857727,0.0,False,18.898403241923578,1678296018.4717877
-0.05147361010313034,0.7065780758857727,0.0,False,18.898403241923578,1678296018.4873292
-0.05143995210528374,0.7169464230537415,0.0,False,19.292196710878116,1678296018.5140147
-0.05143995210528374,0.7169464230537415,0.0,False,19.292196710878116,1678296018.5279248
-0.05143995210528374,0.7169464230537415,0.0,False,19.292196710878116,1678296018.5430982
-0.05143995210528374,0.7169464230537415,0.0,False,19.804910607087663,1678296018.5920026
-0.05143995210528374,0.7169464230537415,0.0,False,19.804910607087663,1678296018.6070328
-0.05143995210528374,0.7169464230537415,0.0,False,20.233571835418505,1678296018.6283405
-0.05143995210528374,0.7169464230537415,0.0,False,20.233571835418505,1678296018.639429
-0.05143995210528374,0.7169464230537415,0.0,False,20.233571835418505,1678296018.6553426
-0.05076681077480316,0.7169464230537415,0.0,False,20.886506198749412,1678296018.6797044
-0.05076681077480316,0.7169464230537415,0.0,False,20.886506198749412,1678296018.6911938
-0.05076681077480316,0.7169464230537415,0.0,False,20.886506198749412,1678296018.7053213
-0.05076681077480316,0.7169464230537415,0.0,False,20.886506198749412,1678296018.7219517
-0.04824294149875641,0.7169464230537415,0.0,False,21.435163423180875,1678296018.7455118
-0.04824294149875641,0.7169464230537415,0.0,False,21.435163423180875,1678296018.755316
-0.04824294149875641,0.7169464230537415,0.0,False,21.435163423180875,1678296018.7725837
-0.04178454726934433,0.7135026454925537,0.0,False,21.929151838206412,1678296018.8015969
-0.04178454726934433,0.7135026454925537,0.0,False,21.929151838206412,1678296018.815165
-0.04178454726934433,0.7135026454925537,0.0,False,21.929151838206412,1678296018.830182
-0.026022106409072876,0.6960974335670471,0.0,False,22.281128977791017,1678296018.9157195
-0.026022106409072876,0.6960974335670471,0.0,False,22.285822340278916,1678296018.961133
-0.015711741521954536,0.6890468001365662,0.0,False,22.292381500417747,1678296019.0104883
-0.010876893997192383,0.6855021119117737,0.0,False,22.297345579163697,1678296019.068207
-0.0035919344518333673,0.6855021119117737,0.0,False,22.303760010198687,1678296019.1377065
0.007821815088391304,0.6855021119117737,0.0,False,22.30874929707051,1678296019.1869297
0.023368509486317635,0.6783735156059265,0.0,False,22.313021300931478,1678296019.2358134
0.03354834392666817,0.6783735156059265,0.0,False,22.31515608838989,1678296019.2934027
0.043869663029909134,0.6747894287109375,0.0,False,22.316530738585246,1678296019.345887
0.05433499440550804,0.6675812005996704,0.0,False,22.87087709073321,1678296019.395506
0.05962250009179115,0.6456286311149597,0.0,False,23.37790019976996,1678296019.4388127
0.0601615384221077,0.623166561126709,0.0,False,23.829768581652598,1678296019.4801667
0.0601615384221077,0.6078968048095703,0.0,False,24.17615689157704,1678296019.5286033
0.0601615384221077,0.5962842702865601,0.0,False,24.529700354050874,1678296019.5707936
0.0601615384221077,0.5845307111740112,0.0,False,24.834046075749654,1678296019.6370227
0.0601615384221077,0.5726326107978821,0.0,False,25.179040244613645,1678296019.6841311
0.0601615384221077,0.5605864524841309,0.0,False,25.498418069695386,1678296019.7273216
0.059858325868844986,0.5565375089645386,0.0,False,25.736367350097378,1678296019.7755616
0.0576687827706337,0.5483884215354919,0.0,False,25.993177550136668,1678296019.8469071
0.05157458782196045,0.5235211849212646,0.0,False,26.302589045189542,1678296019.915388
0.040910251438617706,0.45840492844581604,0.0,False,26.542759130026873,1678296019.965716
0.03294342756271362,0.39340344071388245,0.0,False,26.713353198594813,1678296020.028227
0.026492401957511902,0.333986759185791,0.0,False,26.797882188598145,1678296020.0850878
0.019909245893359184,0.13638971745967865,0.0,False,26.79059838914625,1678296020.1418722
0.01782720535993576,0.0,0.0,False,26.6161249712936,1678296020.1995084
0.01782720535993576,0.0,0.0,False,26.319412161149337,1678296020.2524006
0.017894364893436432,0.0,0.0,False,25.943055589041055,1678296020.3091028
0.017894364893436432,0.0,0.0,False,25.575864043574956,1678296020.3549585
0.017894364893436432,0.0,0.0,False,25.22308486690308,1678296020.4029238
0.017894364893436432,0.0,0.0,False,24.791321962992452,1678296020.4571948
0.017894364893436432,0.0,0.0,False,24.385145935591236,1678296020.4993594
0.017894364893436432,0.0,0.0,False,24.018053538528346,1678296020.554884
0.017894364893436432,0.0,0.0,False,23.61395609805619,1678296020.6028519
0.01752498745918274,0.0,0.0,False,23.257267102054488,1678296020.6494176
0.013999327085912228,0.0,0.0,False,22.888595941439124,1678296020.692651
0.008023243397474289,0.0,0.0,False,22.51137934537063,1678296020.7475438
0.002014162950217724,0.0,0.0,False,22.143662213314123,1678296020.79796
-0.004061912186443806,0.0,0.0,False,21.81162611658501,1678296020.8436716
-0.008123957552015781,0.0,0.0,False,21.772036320821737,1678296020.9089565
-0.011111907660961151,0.0,0.0,False,21.777531281228455,1678296020.9600852
-0.014805158600211143,0.0,0.0,False,21.783965404247425,1678296020.9951518
-0.018330909311771393,0.0,0.0,False,21.789027578984943,1678296021.0581825
-0.021051082760095596,0.0,0.0,False,21.79481731243497,1678296021.0960908
-0.027668189257383347,0.0,0.0,False,21.79906548567419,1678296021.1442995
-0.03193528950214386,0.0,0.0,False,21.80353675173612,1678296021.1949162
-0.035464074462652206,0.0,0.0,False,21.80849005017374,1678296021.2524304
-0.03596825897693634,0.0,0.0,False,21.814138986450498,1678296021.3037622
-0.03596825897693634,0.0,0.0,False,21.819602679948925,1678296021.3640566
-0.03596825897693634,0.0,0.0,False,20.8323678476134,1678296021.3966599
-0.03610270842909813,0.0,0.0,False,19.90121982914942,1678296021.4596705
-0.03701029345393181,0.0,0.0,False,18.946131363712432,1678296021.5154324
-0.04111200571060181,0.0,0.0,False,18.23240571216113,1678296021.5639262
-0.04518146440386772,0.0,0.0,False,17.679402958692073,1678296021.6149826
-0.046627987176179886,0.0,0.0,False,17.13495457676986,1678296021.6610112
-0.046627987176179886,0.0,0.0,False,16.54683181167442,1678296021.710463
-0.046627987176179886,0.0,0.0,False,16.079430660980968,1678296021.7626417
-0.046627987176179886,0.0,0.0,False,15.598123241756927,1678296021.8134563
-0.046627987176179886,0.0,0.0,False,15.174112238632302,1678296021.8649843
-0.04561876505613327,0.0,0.0,False,14.75453651204968,1678296021.916587
-0.04037225618958473,0.0,0.0,False,14.336127203725,1678296021.95353
-0.03038959950208664,0.0,0.0,False,14.015353566589937,1678296022.0085685
-0.022428076714277267,0.0,0.0,False,13.568478553496224,1678296022.0619652
-0.010709027759730816,0.0,0.0,False,13.223893528374484,1678296022.1138947
-0.0013763436581939459,0.0,0.0,False,12.877917358846332,1678296022.1530144
0.006311119068413973,0.0,0.0,False,12.555559174665483,1678296022.205778
0.012488442473113537,0.0,0.0,False,12.266398743143377,1678296022.2522829
0.02343568578362465,0.0,0.0,False,11.917597660982498,1678296022.2950616
0.03499352186918259,0.0,0.0,False,11.654074763766197,1678296022.358741
0.04746907949447632,0.0,0.0,False,11.310068238812812,1678296022.393702
0.07915333658456802,0.0,0.0,False,10.396895754981584,1678296022.6810837
0.10882192105054855,0.0,0.0,False,9.306455100834313,1678296022.7665398
0.10882192105054855,0.0,0.0,False,9.099116766439009,1678296022.8154337
0.10882192105054855,0.0,0.0,False,8.888302158414607,1678296022.9342012
0.10882192105054855,0.0,0.0,False,8.928217170413875,1678296023.030561
0.10882192105054855,0.0,0.0,False,8.952891301842033,1678296023.0853965
0.10882192105054855,0.0,0.0,False,8.968992978845703,1678296023.1503637
0.10882192105054855,0.0,0.0,False,8.987558468619552,1678296023.1890442
0.10882192105054855,0.0,0.1426328718662262,False,8.758940093473353,1678296023.2622457
0.10882192105054855,0.0,0.25418686866760254,False,8.249825214125314,1678296023.3402605
0.10882192105054855,0.0,0.3288666903972626,False,6.895438256894027,1678296023.3899305
0.10882192105054855,0.0,0.3690882623195648,False,5.637473631237244,1678296023.436957
0.10882192105054855,0.0,0.3740004301071167,False,4.806267397704719,1678296023.48518
0.10865209251642227,0.0,0.3885890245437622,False,4.026543602753487,1678296023.5456595
0.10593562573194504,0.0,0.40296098589897156,False,3.25512236362083,1678296023.6027076
0.08412092179059982,0.0,0.5108437538146973,False,0.0018123932060244013,1678296023.6925852
0.08412092179059982,0.0,0.5108437538146973,False,0.005623355730785134,1678296023.7294247
0.06609330326318741,0.0,0.5318814516067505,False,0.006134267108990156,1678296023.7775311
0.059083499014377594,0.0,0.5318814516067505,False,0.006374089096252556,1678296023.821841
0.049959104508161545,0.0,0.5318814516067505,False,0.004385795590191496,1678296023.865919
0.04417237266898155,0.0,0.5318814516067505,False,0.0037010904708420023,1678296023.926731
0.041986316442489624,0.0,0.5318814516067505,False,0.0029510940692492227,1678296023.973281
0.042053572833538055,0.0,0.5277103185653687,False,0.0021060731762571573,1678296024.0186112
0.042053572833538055,0.0,0.5193137526512146,False,0.0014895502276644618,1678296024.06554
0.042053572833538055,0.0,0.502298891544342,False,0.0015323818919370838,1678296024.1673393
0.042053572833538055,0.0,0.502298891544342,False,0.0,1678296024.219031
0.041986316442489624,0.0,0.4806007742881775,False,0.001457478226891037,1678296024.253417
0.04161640629172325,0.0,0.44027429819107056,False,0.0016039506727324525,1678296024.3023398
0.04040588065981865,0.0,0.3885890245437622,False,0.00021191469655671105,1678296024.3470283
0.038691163063049316,0.0,0.2145683765411377,False,0.0020932030436736746,1678296024.3960533
0.03606909513473511,0.0,0.0,False,0.010330902141447402,1678296024.4669816
0.03176727145910263,0.0,0.0,False,0.04057987145363939,1678296024.5200505
0.024174628779292107,0.0,0.0,False,0.06340728334457922,1678296024.57686
0.019204020500183105,0.0,0.0,False,0.07938339342569876,1678296024.6250782
0.01624898798763752,0.0,0.0,False,0.0006056264351383415,1678296024.7122207
0.015208081342279911,0.0,0.0,False,0.0005554940108174583,1678296024.7567515
0.015208081342279911,0.0,0.0,False,0.003455270777959426,1678296024.8143306
0.015208081342279911,0.0,0.0,False,0.00014472086971227966,1678296024.8575487
0.015208081342279911,0.0,0.0,False,0.00039469038837948916,1678296024.9173899
0.015208081342279911,0.0,0.0,False,0.001811382672814293,1678296024.962773
0.015208081342279911,0.0,0.0,False,0.002373022369873077,1678296025.0100498
0.015208081342279911,0.0,0.0,False,0.0002168848674255119,1678296025.0681984
0.015208081342279911,0.0,0.0,False,0.0008438219709876758,1678296025.1097507
0.015208081342279911,0.0,0.0,False,0.0014459455642455085,1678296025.1598175
