x,y,z,pitch,yaw,roll
-87.82189178466797,21.103641510009766,0.0313311405479908,0.31205084919929504,87.83800506591797,0.11938782036304474
-87.82189178466797,21.103641510009766,0.0313311405479908,0.31205084919929504,87.83800506591797,0.11938782036304474
-87.82189178466797,21.103641510009766,0.03135692700743675,0.31205084919929504,87.83800506591797,0.11938782036304474
-87.82189178466797,21.103641510009766,0.03135692700743675,0.31205084919929504,87.83800506591797,0.11938782036304474
-87.82189178466797,21.103641510009766,0.03135692700743675,0.31205084919929504,87.83800506591797,0.11938782036304474
-87.82189178466797,21.103641510009766,0.03135692700743675,0.31205084919929504,87.83800506591797,0.11938782036304474
-87.82189178466797,21.103641510009766,0.03135006129741669,0.31216010451316833,87.83800506591797,0.11939674615859985
-87.82189178466797,21.103641510009766,0.03135006129741669,0.31216010451316833,87.83800506591797,0.11939674615859985
-87.82189178466797,21.103641510009766,0.03135006129741669,0.31216010451316833,87.83800506591797,0.11939674615859985
-87.82189178466797,21.103641510009766,0.03130726143717766,0.31216010451316833,87.83800506591797,0.11939674615859985
-87.82189178466797,21.103641510009766,0.03130726143717766,0.31216010451316833,87.83800506591797,0.11939674615859985
-87.82189178466797,21.103641510009766,0.03130726143717766,0.31216010451316833,87.83800506591797,0.11939674615859985
-87.82189178466797,21.103641510009766,0.03130726143717766,0.31216010451316833,87.83800506591797,0.11939674615859985
-87.82189178466797,21.103641510009766,0.03130726143717766,0.31216010451316833,87.83800506591797,0.11939674615859985
-87.82189178466797,21.103641510009766,0.03130726143717766,0.31216010451316833,87.83800506591797,0.11939674615859985
-87.82189178466797,21.10364532470703,0.03132595121860504,0.31216010451316833,87.83800506591797,0.11939674615859985
-87.82189178466797,21.10364532470703,0.03132595121860504,0.31216010451316833,87.83800506591797,0.11939674615859985
-87.82189178466797,21.10364532470703,0.03132595121860504,0.31216010451316833,87.83800506591797,0.11939674615859985
-87.82189178466797,21.10364532470703,0.03132595121860504,0.31216010451316833,87.83800506591797,0.11939674615859985
-87.82189178466797,21.10364532470703,0.03132595121860504,0.31216010451316833,87.83800506591797,0.11939674615859985
-87.82189178466797,21.10364532470703,0.03132595121860504,0.31216010451316833,87.83800506591797,0.11939674615859985
-87.82189178466797,21.10364532470703,0.03134792670607567,0.31216010451316833,87.83800506591797,0.11939674615859985
-87.82189178466797,21.10364532470703,0.03134792670607567,0.31216010451316833,87.83800506591797,0.11939674615859985
-87.82189178466797,21.10364532470703,0.03134792670607567,0.31216010451316833,87.83800506591797,0.11939674615859985
-87.82189178466797,21.10364532470703,0.03136562556028366,0.31226256489753723,87.83800506591797,0.11940061300992966
-87.82189178466797,21.10364532470703,0.03136562556028366,0.31226256489753723,87.83800506591797,0.11940061300992966
-87.82189178466797,21.10364532470703,0.03136562556028366,0.31226256489753723,87.83800506591797,0.11940061300992966
-87.82189178466797,21.10364532470703,0.031352121382951736,0.31226256489753723,87.83800506591797,0.11940061300992966
-87.82189178466797,21.10364532470703,0.031352121382951736,0.31226256489753723,87.83800506591797,0.11940061300992966
-87.82189178466797,21.10364532470703,0.031352121382951736,0.31226256489753723,87.83800506591797,0.11940061300992966
-87.82189178466797,21.10364532470703,0.03133949264883995,0.31226256489753723,87.83800506591797,0.11940061300992966
-87.82189178466797,21.10364532470703,0.03133949264883995,0.31226256489753723,87.83800506591797,0.11940061300992966
-87.82189178466797,21.10364532470703,0.03133949264883995,0.31226256489753723,87.83800506591797,0.11940061300992966
-87.82189178466797,21.10364532470703,0.03133732080459595,0.31226256489753723,87.83800506591797,0.11940061300992966
-87.82189178466797,21.10364532470703,0.03133732080459595,0.31226256489753723,87.83800506591797,0.11940061300992966
-87.82189178466797,21.10364532470703,0.03133732080459595,0.31226256489753723,87.83800506591797,0.11940061300992966
-87.82189178466797,21.10364532470703,0.03129657730460167,0.31226256489753723,87.83800506591797,0.11940061300992966
-87.82189178466797,21.10364532470703,0.03129657730460167,0.31226256489753723,87.83800506591797,0.11940061300992966
-87.82189178466797,21.10364532470703,0.03129657730460167,0.31226256489753723,87.83800506591797,0.11940061300992966
-87.82189178466797,21.10364532470703,0.03133609890937805,0.31226256489753723,87.83800506591797,0.11940061300992966
-87.82189178466797,21.10364532470703,0.03133609890937805,0.31226256489753723,87.83800506591797,0.11940061300992966
-87.82189178466797,21.10364532470703,0.03133609890937805,0.31226256489753723,87.83800506591797,0.11940061300992966
-87.82189178466797,21.10364532470703,0.03133609890937805,0.31226256489753723,87.83800506591797,0.11940061300992966
-87.82189178466797,21.10364532470703,0.03132259473204613,0.31226256489753723,87.83800506591797,0.11940061300992966
-87.82189178466797,21.10364532470703,0.03132259473204613,0.31226256489753723,87.83800506591797,0.11940061300992966
-87.82189178466797,21.10364532470703,0.03132259473204613,0.31226256489753723,87.83800506591797,0.11940061300992966
-87.82189178466797,21.10364532470703,0.031356051564216614,0.31226256489753723,87.83800506591797,0.11940061300992966
-87.82189178466797,21.10364532470703,0.031356051564216614,0.31226256489753723,87.83800506591797,0.11940061300992966
-87.82189178466797,21.10364532470703,0.031356051564216614,0.31226256489753723,87.83800506591797,0.11940061300992966
-87.82189178466797,21.10364532470703,0.031304895877838135,0.31226256489753723,87.83800506591797,0.11940061300992966
-87.82189178466797,21.10364532470703,0.031304895877838135,0.31226256489753723,87.83800506591797,0.11940061300992966
-87.82189178466797,21.10364532470703,0.031304895877838135,0.31226256489753723,87.83800506591797,0.11940061300992966
-87.82189178466797,21.10364532470703,0.031304895877838135,0.31226256489753723,87.83800506591797,0.11940061300992966
-87.82189178466797,21.10364532470703,0.03134170547127724,0.31226256489753723,87.83800506591797,0.11940061300992966
-87.82189178466797,21.10364532470703,0.03134170547127724,0.31226256489753723,87.83800506591797,0.11940061300992966
-87.82189178466797,21.10364532470703,0.03134170547127724,0.31226256489753723,87.83800506591797,0.11940061300992966
-87.82191467285156,21.103761672973633,0.03129589185118675,0.31252211332321167,87.85010528564453,0.11936976760625839
-87.82191467285156,21.103761672973633,0.03129589185118675,0.31252211332321167,87.85010528564453,0.11936976760625839
-87.82191467285156,21.103761672973633,0.03129589185118675,0.31252211332321167,87.85010528564453,0.11936976760625839
-87.82192993164062,21.10378074645996,0.031283989548683167,0.31228306889533997,87.8511734008789,0.11942902952432632
-87.82192993164062,21.10378074645996,0.031283989548683167,0.31228306889533997,87.8511734008789,0.11942902952432632
-87.82192993164062,21.10378074645996,0.031283989548683167,0.31228306889533997,87.8511734008789,0.11942902952432632
-87.82192993164062,21.1038761138916,0.031327247619628906,0.31252211332321167,87.85199737548828,0.11944184452295303
-87.82192993164062,21.1038761138916,0.031327247619628906,0.31252211332321167,87.85199737548828,0.11944184452295303
-87.82192993164062,21.1038761138916,0.031327247619628906,0.31252211332321167,87.85199737548828,0.11944184452295303
-87.82192993164062,21.1038761138916,0.031327247619628906,0.31252211332321167,87.85199737548828,0.11944184452295303
-87.82194519042969,21.104061126708984,0.031337663531303406,0.3130890130996704,87.84033966064453,0.11915269494056702
-87.82194519042969,21.104061126708984,0.031337663531303406,0.3130890130996704,87.84033966064453,0.11915269494056702
-87.82194519042969,21.104061126708984,0.031337663531303406,0.3130890130996704,87.84033966064453,0.11915269494056702
-87.82195281982422,21.104740142822266,0.03135662153363228,0.31481024622917175,87.8330078125,0.11873496323823929
-87.82195281982422,21.104740142822266,0.03135662153363228,0.31481024622917175,87.8330078125,0.11873496323823929
-87.82195281982422,21.104740142822266,0.03135662153363228,0.31481024622917175,87.8330078125,0.11873496323823929
-87.82198333740234,21.10603904724121,0.031310807913541794,0.3163265287876129,87.83616638183594,0.11861847341060638
-87.82198333740234,21.10603904724121,0.031310807913541794,0.3163265287876129,87.83616638183594,0.11861847341060638
-87.82198333740234,21.10603904724121,0.031310807913541794,0.3163265287876129,87.83616638183594,0.11861847341060638
-87.82200622558594,21.10799789428711,0.0313568115234375,0.31859415769577026,87.84149932861328,0.11846525222063065
-87.82200622558594,21.10799789428711,0.0313568115234375,0.31859415769577026,87.84149932861328,0.11846525222063065
-87.82200622558594,21.10799789428711,0.0313568115234375,0.31859415769577026,87.84149932861328,0.11846525222063065
-87.82200622558594,21.10799789428711,0.0313568115234375,0.31859415769577026,87.84149932861328,0.11846525222063065
-87.82205963134766,21.111303329467773,0.03133426606655121,0.321483314037323,87.8524169921875,0.11840112507343292
-87.82205963134766,21.111303329467773,0.03133426606655121,0.321483314037323,87.8524169921875,0.11840112507343292
-87.82205963134766,21.111303329467773,0.03133426606655121,0.321483314037323,87.8524169921875,0.11840112507343292
-87.82212829589844,21.125,0.031445346772670746,0.3493846356868744,87.92017364501953,0.1147848442196846
-87.82212829589844,21.125,0.031445346772670746,0.3493846356868744,87.92017364501953,0.1147848442196846
-87.82212829589844,21.125,0.031445346772670746,0.3493846356868744,87.92017364501953,0.1147848442196846
-87.82234954833984,21.153043746948242,0.031615130603313446,0.39021551609039307,87.99698638916016,0.1113256886601448
-87.82234954833984,21.153043746948242,0.031615130603313446,0.39021551609039307,87.99698638916016,0.1113256886601448
-87.82234954833984,21.153043746948242,0.031615130603313446,0.39021551609039307,87.99698638916016,0.1113256886601448
-87.82234954833984,21.153043746948242,0.031615130603313446,0.39021551609039307,87.99698638916016,0.1113256886601448
-87.82234954833984,21.153043746948242,0.031615130603313446,0.39021551609039307,87.99698638916016,0.1113256886601448
-87.82273864746094,21.198026657104492,0.03184713423252106,0.43578654527664185,88.0842514038086,0.10814282298088074
-87.82273864746094,21.198026657104492,0.03184713423252106,0.43578654527664185,88.0842514038086,0.10814282298088074
-87.82273864746094,21.198026657104492,0.03184713423252106,0.43578654527664185,88.0842514038086,0.10814282298088074
-87.82342529296875,21.280969619750977,0.032380878925323486,0.4657710790634155,88.23548889160156,0.10863988101482391
-87.82342529296875,21.280969619750977,0.032380878925323486,0.4657710790634155,88.23548889160156,0.10863988101482391
-87.82342529296875,21.280969619750977,0.032380878925323486,0.4657710790634155,88.23548889160156,0.10863988101482391
-87.82411193847656,21.355607986450195,0.03288128972053528,0.4797388017177582,88.36660766601562,0.1094711422920227
-87.82411193847656,21.355607986450195,0.03288128972053528,0.4797388017177582,88.36660766601562,0.1094711422920227
-87.82411193847656,21.355607986450195,0.03288128972053528,0.4797388017177582,88.36660766601562,0.1094711422920227
-87.82489013671875,21.425939559936523,0.03335205838084221,0.4901958107948303,88.48979187011719,0.10980354249477386
-87.82489013671875,21.425939559936523,0.03335205838084221,0.4901958107948303,88.48979187011719,0.10980354249477386
-87.82489013671875,21.425939559936523,0.03335205838084221,0.4901958107948303,88.48979187011719,0.10980354249477386
-87.82591247558594,21.503517150878906,0.03385990858078003,0.501151442527771,88.62528228759766,0.11012314260005951
-87.82591247558594,21.503517150878906,0.03385990858078003,0.501151442527771,88.62528228759766,0.11012314260005951
-87.82591247558594,21.503517150878906,0.03385990858078003,0.501151442527771,88.62528228759766,0.11012314260005951
-87.82591247558594,21.503517150878906,0.03385990858078003,0.501151442527771,88.62528228759766,0.11012314260005951
-87.82740783691406,21.59868812561035,0.03442826122045517,0.515009880065918,88.79090881347656,0.11053691059350967
-87.82740783691406,21.59868812561035,0.03442826122045517,0.515009880065918,88.79090881347656,0.11053691059350967
-87.82740783691406,21.59868812561035,0.03442826122045517,0.515009880065918,88.79090881347656,0.11053691059350967
-87.82957458496094,21.71474266052246,0.03519199416041374,0.533021092414856,88.99224090576172,0.11111268401145935
-87.82957458496094,21.71474266052246,0.03519199416041374,0.533021092414856,88.99224090576172,0.11111268401145935
-87.82957458496094,21.71474266052246,0.03519199416041374,0.533021092414856,88.99224090576172,0.11111268401145935
-87.83201599121094,21.827613830566406,0.03590938448905945,0.5512645244598389,89.18556213378906,0.11207003146409988
-87.83201599121094,21.827613830566406,0.03590938448905945,0.5512645244598389,89.18556213378906,0.11207003146409988
-87.83201599121094,21.827613830566406,0.03590938448905945,0.5512645244598389,89.18556213378906,0.11207003146409988
-87.83201599121094,21.827613830566406,0.03590938448905945,0.5512645244598389,89.18556213378906,0.11207003146409988
-87.83467864990234,21.94066619873047,0.03667442128062248,0.5701841711997986,89.37236785888672,0.11389872431755066
-87.83467864990234,21.94066619873047,0.03667442128062248,0.5701841711997986,89.37236785888672,0.11389872431755066
-87.83467864990234,21.94066619873047,0.03667442128062248,0.5701841711997986,89.37236785888672,0.11389872431755066
-87.83467864990234,21.94066619873047,0.03667442128062248,0.5701841711997986,89.37236785888672,0.11389872431755066
-87.83841705322266,22.084463119506836,0.03761725500226021,0.5949230790138245,89.60320281982422,0.11584536731243134
-87.83841705322266,22.084463119506836,0.03761725500226021,0.5949230790138245,89.60320281982422,0.11584536731243134
-87.83841705322266,22.084463119506836,0.03761725500226021,0.5949230790138245,89.60320281982422,0.11584536731243134
-87.83841705322266,22.084463119506836,0.03761725500226021,0.5949230790138245,89.60320281982422,0.11584536731243134
-87.84255981445312,22.22610092163086,0.038580272346735,0.6198259592056274,89.82645416259766,0.11742391437292099
-87.84255981445312,22.22610092163086,0.038580272346735,0.6198259592056274,89.82645416259766,0.11742391437292099
-87.84255981445312,22.22610092163086,0.038580272346735,0.6198259592056274,89.82645416259766,0.11742391437292099
-87.84767150878906,22.38649559020996,0.03961271420121193,0.6488542556762695,90.06913757324219,0.12040499597787857
-87.84767150878906,22.38649559020996,0.03961271420121193,0.6488542556762695,90.06913757324219,0.12040499597787857
-87.84767150878906,22.38649559020996,0.03961271420121193,0.6488542556762695,90.06913757324219,0.12040499597787857
-87.85293579101562,22.545618057250977,0.04067258909344673,0.6765438318252563,90.28882598876953,0.12373626232147217
-87.85293579101562,22.545618057250977,0.04067258909344673,0.6765438318252563,90.28882598876953,0.12373626232147217
-87.85293579101562,22.545618057250977,0.04067258909344673,0.6765438318252563,90.28882598876953,0.12373626232147217
-87.85293579101562,22.545618057250977,0.04067258909344673,0.6765438318252563,90.28882598876953,0.12373626232147217
-87.8582534790039,22.705530166625977,0.04184190183877945,0.6869120597839355,90.48338317871094,0.13719233870506287
-87.8582534790039,22.705530166625977,0.04184190183877945,0.6869120597839355,90.48338317871094,0.13719233870506287
-87.8582534790039,22.705530166625977,0.04184190183877945,0.6869120597839355,90.48338317871094,0.13719233870506287
-87.8582534790039,22.705530166625977,0.04184190183877945,0.6869120597839355,90.48338317871094,0.13719233870506287
-87.86457061767578,22.892850875854492,0.04325604811310768,0.6906413435935974,90.68523406982422,0.15662918984889984
-87.86457061767578,22.892850875854492,0.04325604811310768,0.6906413435935974,90.68523406982422,0.15662918984889984
-87.86457061767578,22.892850875854492,0.04325604811310768,0.6906413435935974,90.68523406982422,0.15662918984889984
-87.87063598632812,23.059999465942383,0.044587645679712296,0.6847264170646667,90.86015319824219,0.172358900308609
-87.87063598632812,23.059999465942383,0.044587645679712296,0.6847264170646667,90.86015319824219,0.172358900308609
-87.8763656616211,23.206029891967773,0.04583512991666794,0.6731560826301575,91.01375579833984,0.18589545786380768
-87.8763656616211,23.206029891967773,0.04583512991666794,0.6731560826301575,91.01375579833984,0.18589545786380768
-87.8763656616211,23.206029891967773,0.04583512991666794,0.6731560826301575,91.01375579833984,0.18589545786380768
-87.8763656616211,23.206029891967773,0.04583512991666794,0.6731560826301575,91.01375579833984,0.18589545786380768
-87.88229370117188,23.34639549255371,0.04694913700222969,0.6633274555206299,91.16355895996094,0.1985829621553421
-87.88229370117188,23.34639549255371,0.04694913700222969,0.6633274555206299,91.16355895996094,0.1985829621553421
-87.88229370117188,23.34639549255371,0.04694913700222969,0.6633274555206299,91.16355895996094,0.1985829621553421
-87.8902359008789,23.52174949645996,0.04842054098844528,0.6552473306655884,91.35204315185547,0.2146669179201126
-87.8902359008789,23.52174949645996,0.04842054098844528,0.6552473306655884,91.35204315185547,0.2146669179201126
-87.8902359008789,23.52174949645996,0.04842054098844528,0.6552473306655884,91.35204315185547,0.2146669179201126
-87.89827728271484,23.686601638793945,0.049828704446554184,0.6468530297279358,91.5280532836914,0.21864591538906097
-87.89827728271484,23.686601638793945,0.049828704446554184,0.6468530297279358,91.5280532836914,0.21864591538906097
-87.89827728271484,23.686601638793945,0.049828704446554184,0.6468530297279358,91.5280532836914,0.21864591538906097
-87.905517578125,23.827667236328125,0.05130281671881676,0.6343674659729004,91.67622375488281,0.20950458943843842
-87.905517578125,23.827667236328125,0.05130281671881676,0.6343674659729004,91.67622375488281,0.20950458943843842
-87.905517578125,23.827667236328125,0.05130281671881676,0.6343674659729004,91.67622375488281,0.20950458943843842
-87.905517578125,23.827667236328125,0.05130281671881676,0.6343674659729004,91.67622375488281,0.20950458943843842
-87.9144515991211,23.99813461303711,0.05309199169278145,0.6160966753959656,91.84441375732422,0.20184512436389923
-87.9144515991211,23.99813461303711,0.05309199169278145,0.6160966753959656,91.84441375732422,0.20184512436389923
-87.92354583740234,24.16889762878418,0.05477694794535637,0.5922456979751587,91.99592590332031,0.2039344757795334
-87.92354583740234,24.16889762878418,0.05477694794535637,0.5922456979751587,91.99592590332031,0.2039344757795334
-87.92354583740234,24.16889762878418,0.05477694794535637,0.5922456979751587,91.99592590332031,0.2039344757795334
-87.92354583740234,24.16889762878418,0.05477694794535637,0.5922456979751587,91.99592590332031,0.2039344757795334
-87.9312744140625,24.313018798828125,0.05616065487265587,0.5715638399124146,92.11042022705078,0.2066299021244049
-87.9312744140625,24.313018798828125,0.05616065487265587,0.5715638399124146,92.11042022705078,0.2066299021244049
-87.9312744140625,24.313018798828125,0.05616065487265587,0.5715638399124146,92.11042022705078,0.2066299021244049
-87.94049835205078,24.47966957092285,0.057671885937452316,0.5704027414321899,92.24005126953125,0.20623494684696198
-87.94049835205078,24.47966957092285,0.057671885937452316,0.5704027414321899,92.24005126953125,0.20623494684696198
-87.94049835205078,24.47966957092285,0.057671885937452316,0.5704027414321899,92.24005126953125,0.20623494684696198
-87.94049835205078,24.47966957092285,0.057671885937452316,0.5704027414321899,92.24005126953125,0.20623494684696198
-87.95169067382812,24.6706485748291,0.05944361910223961,0.5820959806442261,92.3999252319336,0.20066919922828674
-87.95169067382812,24.6706485748291,0.05944361910223961,0.5820959806442261,92.3999252319336,0.20066919922828674
-87.95169067382812,24.6706485748291,0.05944361910223961,0.5820959806442261,92.3999252319336,0.20066919922828674
-87.95169067382812,24.6706485748291,0.05944361910223961,0.5820959806442261,92.3999252319336,0.20066919922828674
-87.95169067382812,24.6706485748291,0.05944361910223961,0.5820959806442261,92.3999252319336,0.20066919922828674
-87.96471405029297,24.87934112548828,0.06132640317082405,0.578967809677124,92.58313751220703,0.19540011882781982
-87.96471405029297,24.87934112548828,0.06132640317082405,0.578967809677124,92.58313751220703,0.19540011882781982
-87.96471405029297,24.87934112548828,0.06132640317082405,0.578967809677124,92.58313751220703,0.19540011882781982
-87.96471405029297,24.87934112548828,0.06132640317082405,0.578967809677124,92.58313751220703,0.19540011882781982
-87.985107421875,25.186176300048828,0.06405983120203018,0.5512645244598389,92.85470581054688,0.19140449166297913
-87.985107421875,25.186176300048828,0.06405983120203018,0.5512645244598389,92.85470581054688,0.19140449166297913
-87.985107421875,25.186176300048828,0.06405983120203018,0.5512645244598389,92.85470581054688,0.19140449166297913
-88.00328826904297,25.443376541137695,0.06632046401500702,0.5206721425056458,93.08020782470703,0.18302243947982788
-88.00328826904297,25.443376541137695,0.06632046401500702,0.5206721425056458,93.08020782470703,0.18302243947982788
-88.00328826904297,25.443376541137695,0.06632046401500702,0.5206721425056458,93.08020782470703,0.18302243947982788
-88.02022552490234,25.673295974731445,0.06811707466840744,0.5004957318305969,93.27595520019531,0.15905822813510895
-88.02022552490234,25.673295974731445,0.06811707466840744,0.5004957318305969,93.27595520019531,0.15905822813510895
-88.03564453125,25.87718963623047,0.06968975812196732,0.4842262268066406,93.4406509399414,0.1362435519695282
-88.03564453125,25.87718963623047,0.06968975812196732,0.4842262268066406,93.4406509399414,0.1362435519695282
-88.03564453125,25.87718963623047,0.06968975812196732,0.4842262268066406,93.4406509399414,0.1362435519695282
-88.05131530761719,26.081562042236328,0.07114079594612122,0.4681274890899658,93.58908081054688,0.11453793197870255
-88.05131530761719,26.081562042236328,0.07114079594612122,0.4681274890899658,93.58908081054688,0.11453793197870255
-88.05131530761719,26.081562042236328,0.07114079594612122,0.4681274890899658,93.58908081054688,0.11453793197870255
-88.06940460205078,26.315387725830078,0.07285688072443008,0.4494127631187439,93.73725128173828,0.0904775857925415
-88.06940460205078,26.315387725830078,0.07285688072443008,0.4494127631187439,93.73725128173828,0.0904775857925415
-88.06940460205078,26.315387725830078,0.07285688072443008,0.4494127631187439,93.73725128173828,0.0904775857925415
-88.08802795410156,26.5548095703125,0.07458288222551346,0.42858752608299255,93.8654556274414,0.06859370321035385
-88.08802795410156,26.5548095703125,0.07458288222551346,0.42858752608299255,93.8654556274414,0.06859370321035385
-88.08802795410156,26.5548095703125,0.07458288222551346,0.42858752608299255,93.8654556274414,0.06859370321035385
-88.10829162597656,26.81670570373535,0.07643667608499527,0.4051326513290405,93.97332000732422,0.04537605866789818
-88.10829162597656,26.81670570373535,0.07643667608499527,0.4051326513290405,93.97332000732422,0.04537605866789818
-88.10829162597656,26.81670570373535,0.07643667608499527,0.4051326513290405,93.97332000732422,0.04537605866789818
-88.10829162597656,26.81670570373535,0.07643667608499527,0.4051326513290405,93.97332000732422,0.04537605866789818
-88.12616729736328,27.056049346923828,0.07807799428701401,0.395345002412796,94.03018188476562,0.0527147501707077
-88.12616729736328,27.056049346923828,0.07807799428701401,0.395345002412796,94.03018188476562,0.0527147501707077
-88.14639282226562,27.339942932128906,0.08055272698402405,0.4315723180770874,94.03497314453125,0.07895117253065109
-88.14639282226562,27.339942932128906,0.08055272698402405,0.4315723180770874,94.03497314453125,0.07895117253065109
-88.14639282226562,27.339942932128906,0.08055272698402405,0.4315723180770874,94.03497314453125,0.07895117253065109
-88.14639282226562,27.339942932128906,0.08055272698402405,0.4315723180770874,94.03497314453125,0.07895117253065109
-88.16427612304688,27.605512619018555,0.08333775401115417,0.49374067783355713,93.98857879638672,0.08560021966695786
-88.16427612304688,27.605512619018555,0.08333775401115417,0.49374067783355713,93.98857879638672,0.08560021966695786
-88.16427612304688,27.605512619018555,0.08333775401115417,0.49374067783355713,93.98857879638672,0.08560021966695786
-88.16427612304688,27.605512619018555,0.08333775401115417,0.49374067783355713,93.98857879638672,0.08560021966695786
-88.18395233154297,27.917430877685547,0.0868283063173294,0.5739339590072632,93.89000701904297,0.08592246472835541
-88.18395233154297,27.917430877685547,0.0868283063173294,0.5739339590072632,93.89000701904297,0.08592246472835541
-88.18395233154297,27.917430877685547,0.0868283063173294,0.5739339590072632,93.89000701904297,0.08592246472835541
-88.20076751708984,28.195011138916016,0.08997171372175217,0.6450293660163879,93.7936019897461,0.08031423389911652
-88.20076751708984,28.195011138916016,0.08997171372175217,0.6450293660163879,93.7936019897461,0.08031423389911652
-88.20076751708984,28.195011138916016,0.08997171372175217,0.6450293660163879,93.7936019897461,0.08031423389911652
-88.20076751708984,28.195011138916016,0.08997171372175217,0.6450293660163879,93.7936019897461,0.08031423389911652
-88.2213363647461,28.544464111328125,0.09416081011295319,0.7328587770462036,93.67706298828125,0.07080935686826706
-88.2213363647461,28.544464111328125,0.09416081011295319,0.7328587770462036,93.67706298828125,0.07080935686826706
-88.2213363647461,28.544464111328125,0.09416081011295319,0.7328587770462036,93.67706298828125,0.07080935686826706
-88.24076843261719,28.882936477661133,0.09800776094198227,0.8152922987937927,93.57264709472656,0.06118994578719139
-88.24076843261719,28.882936477661133,0.09800776094198227,0.8152922987937927,93.57264709472656,0.06118994578719139
-88.24076843261719,28.882936477661133,0.09800776094198227,0.8152922987937927,93.57264709472656,0.06118994578719139
-88.25804138183594,29.183265686035156,0.10132749378681183,0.8874601125717163,93.50701904296875,0.05027078464627266
-88.25804138183594,29.183265686035156,0.10132749378681183,0.8874601125717163,93.50701904296875,0.05027078464627266
-88.25804138183594,29.183265686035156,0.10132749378681183,0.8874601125717163,93.50701904296875,0.05027078464627266
-88.27742004394531,29.50960922241211,0.10483605414628983,0.9677216410636902,93.4832534790039,0.04151741415262222
-88.27742004394531,29.50960922241211,0.10483605414628983,0.9677216410636902,93.4832534790039,0.04151741415262222
-88.27742004394531,29.50960922241211,0.10483605414628983,0.9677216410636902,93.4832534790039,0.04151741415262222
-88.295654296875,29.80419921875,0.1079627126455307,1.0403879880905151,93.50057983398438,0.03499528393149376
-88.295654296875,29.80419921875,0.1079627126455307,1.0403879880905151,93.50057983398438,0.03499528393149376
-88.295654296875,29.80419921875,0.1079627126455307,1.0403879880905151,93.50057983398438,0.03499528393149376
-88.31560516357422,30.119384765625,0.11192545294761658,1.0871338844299316,93.53713989257812,0.055768560618162155
-88.31560516357422,30.119384765625,0.11192545294761658,1.0871338844299316,93.53713989257812,0.055768560618162155
-88.31560516357422,30.119384765625,0.11192545294761658,1.0871338844299316,93.53713989257812,0.055768560618162155
-88.33550262451172,30.42728614807129,0.11696318536996841,1.0874617099761963,93.57506561279297,0.058280713856220245
-88.33550262451172,30.42728614807129,0.11696318536996841,1.0874617099761963,93.57506561279297,0.058280713856220245
-88.33550262451172,30.42728614807129,0.11696318536996841,1.0874617099761963,93.57506561279297,0.058280713856220245
-88.3567886352539,30.756187438964844,0.12280451506376266,1.0784252882003784,93.60631561279297,0.06082763895392418
-88.3567886352539,30.756187438964844,0.12280451506376266,1.0784252882003784,93.60631561279297,0.06082763895392418
-88.3567886352539,30.756187438964844,0.12280451506376266,1.0784252882003784,93.60631561279297,0.06082763895392418
-88.37776947021484,31.084611892700195,0.12874098122119904,1.0697920322418213,93.61672973632812,0.06480931490659714
-88.37776947021484,31.084611892700195,0.12874098122119904,1.0697920322418213,93.61672973632812,0.06480931490659714
-88.37776947021484,31.084611892700195,0.12874098122119904,1.0697920322418213,93.61672973632812,0.06480931490659714
-88.39886474609375,31.42375946044922,0.13485045731067657,1.060332179069519,93.59782409667969,0.06973324716091156
-88.39886474609375,31.42375946044922,0.13485045731067657,1.060332179069519,93.59782409667969,0.06973324716091156
-88.39886474609375,31.42375946044922,0.13485045731067657,1.060332179069519,93.59782409667969,0.06973324716091156
-88.42020416259766,31.77801513671875,0.14117808640003204,1.0421092510223389,93.55084228515625,0.07348622381687164
-88.42020416259766,31.77801513671875,0.14117808640003204,1.0421092510223389,93.55084228515625,0.07348622381687164
-88.42020416259766,31.77801513671875,0.14117808640003204,1.0421092510223389,93.55084228515625,0.07348622381687164
-88.438232421875,32.08914566040039,0.14668792486190796,1.0275267362594604,93.4882583618164,0.07642675936222076
-88.438232421875,32.08914566040039,0.14668792486190796,1.0275267362594604,93.4882583618164,0.07642675936222076
-88.438232421875,32.08914566040039,0.14668792486190796,1.0275267362594604,93.4882583618164,0.07642675936222076
-88.438232421875,32.08914566040039,0.14668792486190796,1.0275267362594604,93.4882583618164,0.07642675936222076
-88.45692443847656,32.429595947265625,0.15267330408096313,1.0151573419570923,93.38904571533203,0.0803663432598114
-88.45692443847656,32.429595947265625,0.15267330408096313,1.0151573419570923,93.38904571533203,0.0803663432598114
-88.45692443847656,32.429595947265625,0.15267330408096313,1.0151573419570923,93.38904571533203,0.0803663432598114
-88.47588348388672,32.80775833129883,0.15927840769290924,1.0056359767913818,93.22824096679688,0.08599409461021423
-88.47588348388672,32.80775833129883,0.15927840769290924,1.0056359767913818,93.22824096679688,0.08599409461021423
-88.47588348388672,32.80775833129883,0.15927840769290924,1.0056359767913818,93.22824096679688,0.08599409461021423
-88.47588348388672,32.80775833129883,0.15927840769290924,1.0056359767913818,93.22824096679688,0.08599409461021423
-88.48997497558594,33.12009811401367,0.16471049189567566,1.000083088874817,93.0594253540039,0.08940129727125168
-88.48997497558594,33.12009811401367,0.16471049189567566,1.000083088874817,93.0594253540039,0.08940129727125168
-88.48997497558594,33.12009811401367,0.16471049189567566,1.000083088874817,93.0594253540039,0.08940129727125168
-88.50244140625,33.42300033569336,0.16996464133262634,0.99616938829422,92.88152313232422,0.08881638199090958
-88.50244140625,33.42300033569336,0.16996464133262634,0.99616938829422,92.88152313232422,0.08881638199090958
-88.50244140625,33.42300033569336,0.16996464133262634,0.99616938829422,92.88152313232422,0.08881638199090958
-88.51527404785156,33.75925064086914,0.17578651010990143,0.9930137991905212,92.69136810302734,0.08412926644086838
-88.51527404785156,33.75925064086914,0.17578651010990143,0.9930137991905212,92.69136810302734,0.08412926644086838
-88.51527404785156,33.75925064086914,0.17578651010990143,0.9930137991905212,92.69136810302734,0.08412926644086838
-88.52664947509766,34.07561111450195,0.18125629425048828,0.9909647703170776,92.52816772460938,0.07830747216939926
-88.52664947509766,34.07561111450195,0.18125629425048828,0.9909647703170776,92.52816772460938,0.07830747216939926
-88.52664947509766,34.07561111450195,0.18125629425048828,0.9909647703170776,92.52816772460938,0.07830747216939926
-88.52664947509766,34.07561111450195,0.18125629425048828,0.9909647703170776,92.52816772460938,0.07830747216939926
-88.53904724121094,34.4348258972168,0.1874515563249588,1.0016950368881226,92.37010192871094,0.07099898904561996
-88.53904724121094,34.4348258972168,0.1874515563249588,1.0016950368881226,92.37010192871094,0.07099898904561996
-88.53904724121094,34.4348258972168,0.1874515563249588,1.0016950368881226,92.37010192871094,0.07099898904561996
-88.53904724121094,34.4348258972168,0.1874515563249588,1.0016950368881226,92.37010192871094,0.07099898904561996
-88.550537109375,34.76913833618164,0.19320087134838104,1.0287562608718872,92.26183319091797,0.062387190759181976
-88.550537109375,34.76913833618164,0.19320087134838104,1.0287562608718872,92.26183319091797,0.062387190759181976
-88.550537109375,34.76913833618164,0.19320087134838104,1.0287562608718872,92.26183319091797,0.062387190759181976
-88.5636978149414,35.15121078491211,0.1997758448123932,1.0505990982055664,92.1746826171875,0.05548658221960068
-88.5636978149414,35.15121078491211,0.1997758448123932,1.0505990982055664,92.1746826171875,0.05548658221960068
-88.5636978149414,35.15121078491211,0.1997758448123932,1.0505990982055664,92.1746826171875,0.05548658221960068
-88.57671356201172,35.53839111328125,0.20656251907348633,1.0699012279510498,92.09960174560547,0.058312565088272095
-88.57671356201172,35.53839111328125,0.20656251907348633,1.0699012279510498,92.09960174560547,0.058312565088272095
-88.57671356201172,35.53839111328125,0.20656251907348633,1.0699012279510498,92.09960174560547,0.058312565088272095
-88.58956146240234,35.932884216308594,0.21420076489448547,1.1195430755615234,92.02253723144531,0.058615926653146744
-88.58956146240234,35.932884216308594,0.21420076489448547,1.1195430755615234,92.02253723144531,0.058615926653146744
-88.58956146240234,35.932884216308594,0.21420076489448547,1.1195430755615234,92.02253723144531,0.058615926653146744
-88.59961700439453,36.25411605834961,0.22068101167678833,1.1647248268127441,91.95844268798828,0.057882342487573624
-88.59961700439453,36.25411605834961,0.22068101167678833,1.1647248268127441,91.95844268798828,0.057882342487573624
-88.59961700439453,36.25411605834961,0.22068101167678833,1.1647248268127441,91.95844268798828,0.057882342487573624
-88.61168670654297,36.66844940185547,0.22912417352199554,1.221360683441162,91.85885620117188,0.05937536433339119
-88.61168670654297,36.66844940185547,0.22912417352199554,1.221360683441162,91.85885620117188,0.05937536433339119
-88.61168670654297,36.66844940185547,0.22912417352199554,1.221360683441162,91.85885620117188,0.05937536433339119
-88.6209945678711,37.02618408203125,0.2364153265953064,1.268530011177063,91.74446105957031,0.06286276131868362
-88.6209945678711,37.02618408203125,0.2364153265953064,1.268530011177063,91.74446105957031,0.06286276131868362
-88.6209945678711,37.02618408203125,0.2364153265953064,1.268530011177063,91.74446105957031,0.06286276131868362
-88.62908172607422,37.38847732543945,0.2437768280506134,1.3150981664657593,91.59860229492188,0.06618527323007584
-88.62908172607422,37.38847732543945,0.2437768280506134,1.3150981664657593,91.59860229492188,0.06618527323007584
-88.62908172607422,37.38847732543945,0.2437768280506134,1.3150981664657593,91.59860229492188,0.06618527323007584
-88.63553619384766,37.733055114746094,0.25075504183769226,1.3587021827697754,91.4394302368164,0.06782594323158264
-88.63553619384766,37.733055114746094,0.25075504183769226,1.3587021827697754,91.4394302368164,0.06782594323158264
-88.63553619384766,37.733055114746094,0.25075504183769226,1.3587021827697754,91.4394302368164,0.06782594323158264
-88.63553619384766,37.733055114746094,0.25075504183769226,1.3587021827697754,91.4394302368164,0.06782594323158264
-88.6415023803711,38.14643478393555,0.2591027319431305,1.410495400428772,91.22405242919922,0.0693974569439888
-88.6415023803711,38.14643478393555,0.2591027319431305,1.410495400428772,91.22405242919922,0.0693974569439888
-88.6415023803711,38.14643478393555,0.2591027319431305,1.410495400428772,91.22405242919922,0.0693974569439888
-88.64562225341797,38.57909393310547,0.2683641314506531,1.4381167888641357,90.97494506835938,0.07393166422843933
-88.64562225341797,38.57909393310547,0.2683641314506531,1.4381167888641357,90.97494506835938,0.07393166422843933
-88.64562225341797,38.57909393310547,0.2683641314506531,1.4381167888641357,90.97494506835938,0.07393166422843933
-88.64562225341797,38.57909393310547,0.2683641314506531,1.4381167888641357,90.97494506835938,0.07393166422843933
-88.64730072021484,39.04074478149414,0.2791122496128082,1.4355417490005493,90.6749267578125,0.07475075870752335
-88.64730072021484,39.04074478149414,0.2791122496128082,1.4355417490005493,90.6749267578125,0.07475075870752335
-88.64730072021484,39.04074478149414,0.2791122496128082,1.4355417490005493,90.6749267578125,0.07475075870752335
-88.64620971679688,39.50355911254883,0.2901306450366974,1.4289506673812866,90.35585021972656,0.07181873172521591
-88.64620971679688,39.50355911254883,0.2901306450366974,1.4289506673812866,90.35585021972656,0.07181873172521591
-88.64620971679688,39.50355911254883,0.2901306450366974,1.4289506673812866,90.35585021972656,0.07181873172521591
-88.64620971679688,39.50355911254883,0.2901306450366974,1.4289506673812866,90.35585021972656,0.07181873172521591
-88.64301300048828,39.924930572509766,0.300489604473114,1.4416548013687134,90.06644439697266,0.06730054318904877
-88.64301300048828,39.924930572509766,0.300489604473114,1.4416548013687134,90.06644439697266,0.06730054318904877
-88.64301300048828,39.924930572509766,0.300489604473114,1.4416548013687134,90.06644439697266,0.06730054318904877
-88.6371078491211,40.43386459350586,0.3134831190109253,1.4806687831878662,89.7530288696289,0.05547918751835823
-88.6371078491211,40.43386459350586,0.3134831190109253,1.4806687831878662,89.7530288696289,0.05547918751835823
-88.6371078491211,40.43386459350586,0.3134831190109253,1.4806687831878662,89.7530288696289,0.05547918751835823
-88.6371078491211,40.43386459350586,0.3134831190109253,1.4806687831878662,89.7530288696289,0.05547918751835823
-88.63041687011719,40.901180267333984,0.32550355792045593,1.520058512687683,89.52153015136719,0.04158695414662361
-88.63041687011719,40.901180267333984,0.32550355792045593,1.520058512687683,89.52153015136719,0.04158695414662361
-88.63041687011719,40.901180267333984,0.32550355792045593,1.520058512687683,89.52153015136719,0.04158695414662361
-88.62354278564453,41.33558654785156,0.33665773272514343,1.5567708015441895,89.35761260986328,0.029260285198688507
-88.62354278564453,41.33558654785156,0.33665773272514343,1.5567708015441895,89.35761260986328,0.029260285198688507
-88.62354278564453,41.33558654785156,0.33665773272514343,1.5567708015441895,89.35761260986328,0.029260285198688507
-88.61637878417969,41.76388168334961,0.3476127088069916,1.5926907062530518,89.23635864257812,0.018833516165614128
-88.61637878417969,41.76388168334961,0.3476127088069916,1.5926907062530518,89.23635864257812,0.018833516165614128
-88.61637878417969,41.76388168334961,0.3476127088069916,1.5926907062530518,89.23635864257812,0.018833516165614128
-88.61637878417969,41.76388168334961,0.3476127088069916,1.5926907062530518,89.23635864257812,0.018833516165614128
-88.60834503173828,42.22053146362305,0.3592514097690582,1.6306939125061035,89.1387939453125,0.01014677993953228
-88.60834503173828,42.22053146362305,0.3592514097690582,1.6306939125061035,89.1387939453125,0.01014677993953228
-88.60834503173828,42.22053146362305,0.3592514097690582,1.6306939125061035,89.1387939453125,0.01014677993953228
-88.59922790527344,42.7296142578125,0.3725004196166992,1.6574409008026123,89.0652084350586,-0.000305245048366487
-88.59922790527344,42.7296142578125,0.3725004196166992,1.6574409008026123,89.0652084350586,-0.000305245048366487
-88.59922790527344,42.7296142578125,0.3725004196166992,1.6574409008026123,89.0652084350586,-0.000305245048366487
-88.5918960571289,43.13294982910156,0.3835197687149048,1.6573179960250854,89.02637481689453,-0.005920355208218098
-88.5918960571289,43.13294982910156,0.3835197687149048,1.6573179960250854,89.02637481689453,-0.005920355208218098
-88.5918960571289,43.13294982910156,0.3835197687149048,1.6573179960250854,89.02637481689453,-0.005920355208218098
-88.5918960571289,43.13294982910156,0.3835197687149048,1.6573179960250854,89.02637481689453,-0.005920355208218098
-88.5840835571289,43.556941986083984,0.3952781558036804,1.6533360481262207,88.99505615234375,-0.009796114638447762
-88.5840835571289,43.556941986083984,0.3952781558036804,1.6533360481262207,88.99505615234375,-0.009796114638447762
-88.5840835571289,43.556941986083984,0.3952781558036804,1.6533360481262207,88.99505615234375,-0.009796114638447762
-88.57292938232422,44.1490364074707,0.4119392931461334,1.65852689743042,88.95820617675781,-0.01434316299855709
-88.57292938232422,44.1490364074707,0.4119392931461334,1.65852689743042,88.95820617675781,-0.01434316299855709
-88.56449890136719,44.59469985961914,0.42470625042915344,1.674304723739624,88.94149017333984,-0.017944322898983955
-88.56449890136719,44.59469985961914,0.42470625042915344,1.674304723739624,88.94149017333984,-0.017944322898983955
-88.56449890136719,44.59469985961914,0.42470625042915344,1.674304723739624,88.94149017333984,-0.017944322898983955
-88.56449890136719,44.59469985961914,0.42470625042915344,1.674304723739624,88.94149017333984,-0.017944322898983955
-88.55720520019531,44.994319915771484,0.43618902564048767,1.6902121305465698,88.9456558227539,-0.02252199500799179
-88.55720520019531,44.994319915771484,0.43618902564048767,1.6902121305465698,88.9456558227539,-0.02252199500799179
-88.54866027832031,45.486541748046875,0.45032554864883423,1.6997061967849731,88.97293853759766,-0.026580918580293655
-88.54866027832031,45.486541748046875,0.45032554864883423,1.6997061967849731,88.97293853759766,-0.026580918580293655
-88.54866027832031,45.486541748046875,0.45032554864883423,1.6997061967849731,88.97293853759766,-0.026580918580293655
-88.54866027832031,45.486541748046875,0.45032554864883423,1.6997061967849731,88.97293853759766,-0.026580918580293655
-88.54097747802734,45.948001861572266,0.4635547995567322,1.7056825160980225,89.00416564941406,-0.027557244524359703
-88.54097747802734,45.948001861572266,0.4635547995567322,1.7056825160980225,89.00416564941406,-0.027557244524359703
-88.54097747802734,45.948001861572266,0.4635547995567322,1.7056825160980225,89.00416564941406,-0.027557244524359703
-88.53367614746094,46.388328552246094,0.47614869475364685,1.7138651609420776,89.02440643310547,-0.02621457353234291
-88.53367614746094,46.388328552246094,0.47614869475364685,1.7138651609420776,89.02440643310547,-0.02621457353234291
-88.53367614746094,46.388328552246094,0.47614869475364685,1.7138651609420776,89.02440643310547,-0.02621457353234291
-88.53367614746094,46.388328552246094,0.47614869475364685,1.7138651609420776,89.02440643310547,-0.02621457353234291
-88.52540588378906,46.88182067871094,0.49038246273994446,1.7187623977661133,89.03218078613281,-0.025238018482923508
-88.52540588378906,46.88182067871094,0.49038246273994446,1.7187623977661133,89.03218078613281,-0.025238018482923508
-88.52540588378906,46.88182067871094,0.49038246273994446,1.7187623977661133,89.03218078613281,-0.025238018482923508
-88.51808166503906,47.312660217285156,0.5030809044837952,1.713639736175537,89.03157806396484,-0.024444494396448135
-88.51808166503906,47.312660217285156,0.5030809044837952,1.713639736175537,89.03157806396484,-0.024444494396448135
-88.51808166503906,47.312660217285156,0.5030809044837952,1.713639736175537,89.03157806396484,-0.024444494396448135
-88.51105499267578,47.72553253173828,0.5152954459190369,1.7055596113204956,89.02871704101562,-0.02337653934955597
-88.51105499267578,47.72553253173828,0.5152954459190369,1.7055596113204956,89.02871704101562,-0.02337653934955597
-88.51105499267578,47.72553253173828,0.5152954459190369,1.7055596113204956,89.02871704101562,-0.02337653934955597
-88.50343322753906,48.17117691040039,0.5281422734260559,1.678682804107666,89.02501678466797,-0.02288818173110485
-88.50343322753906,48.17117691040039,0.5281422734260559,1.678682804107666,89.02501678466797,-0.02288818173110485
-88.50343322753906,48.17117691040039,0.5281422734260559,1.678682804107666,89.02501678466797,-0.02288818173110485
-88.49634552001953,48.584442138671875,0.5398582816123962,1.648698329925537,89.02147674560547,-0.022857671603560448
-88.49634552001953,48.584442138671875,0.5398582816123962,1.648698329925537,89.02147674560547,-0.022857671603560448
-88.49634552001953,48.584442138671875,0.5398582816123962,1.648698329925537,89.02147674560547,-0.022857671603560448
-88.48885345458984,49.01811981201172,0.5520742535591125,1.6172521114349365,89.01773071289062,-0.022857580333948135
-88.48885345458984,49.01811981201172,0.5520742535591125,1.6172521114349365,89.01773071289062,-0.022857580333948135
-88.48885345458984,49.01811981201172,0.5520742535591125,1.6172521114349365,89.01773071289062,-0.022857580333948135
-88.48161315917969,49.4361572265625,0.5638168454170227,1.600115180015564,89.0141372680664,-0.02288813516497612
-88.48161315917969,49.4361572265625,0.5638168454170227,1.600115180015564,89.0141372680664,-0.02288813516497612
-88.47454071044922,49.84186553955078,0.5752038955688477,1.592492699623108,89.0107192993164,-0.022949278354644775
-88.47454071044922,49.84186553955078,0.5752038955688477,1.592492699623108,89.0107192993164,-0.022949278354644775
-88.47454071044922,49.84186553955078,0.5752038955688477,1.592492699623108,89.0107192993164,-0.022949278354644775
-88.46663665771484,50.2940559387207,0.587906539440155,1.5793719291687012,89.0069351196289,-0.02301025576889515
-88.46663665771484,50.2940559387207,0.587906539440155,1.5793719291687012,89.0069351196289,-0.02301025576889515
-88.46663665771484,50.2940559387207,0.587906539440155,1.5793719291687012,89.0069351196289,-0.02301025576889515
-88.45867919921875,50.74848175048828,0.6004791259765625,1.5709638595581055,89.00299835205078,-0.021758968010544777
-88.45867919921875,50.74848175048828,0.6004791259765625,1.5709638595581055,89.00299835205078,-0.021758968010544777
-88.45867919921875,50.74848175048828,0.6004791259765625,1.5709638595581055,89.00299835205078,-0.021758968010544777
-88.4508056640625,51.19807052612305,0.6125086545944214,1.575191855430603,89.0011215209961,-0.02209477871656418
-88.4508056640625,51.19807052612305,0.6125086545944214,1.575191855430603,89.0011215209961,-0.02209477871656418
-88.4508056640625,51.19807052612305,0.6125086545944214,1.575191855430603,89.0011215209961,-0.02209477871656418
-88.4508056640625,51.19807052612305,0.6125086545944214,1.575191855430603,89.0011215209961,-0.02209477871656418
-88.44242095947266,51.68760681152344,0.625082790851593,1.5591135025024414,89.00919342041016,-0.021514788269996643
-88.44242095947266,51.68760681152344,0.625082790851593,1.5591135025024414,89.00919342041016,-0.021514788269996643
-88.44242095947266,51.68760681152344,0.625082790851593,1.5591135025024414,89.00919342041016,-0.021514788269996643
-88.43402099609375,52.21842956542969,0.6378135085105896,1.499718189239502,89.04791259765625,-0.025909433141350746
-88.43402099609375,52.21842956542969,0.6378135085105896,1.499718189239502,89.04791259765625,-0.025909433141350746
-88.43402099609375,52.21842956542969,0.6378135085105896,1.499718189239502,89.04791259765625,-0.025909433141350746
-88.42703247070312,52.71315383911133,0.6494089365005493,1.436477541923523,89.11250305175781,-0.02975466288626194
-88.42703247070312,52.71315383911133,0.6494089365005493,1.436477541923523,89.11250305175781,-0.02975466288626194
-88.42703247070312,52.71315383911133,0.6494089365005493,1.436477541923523,89.11250305175781,-0.02975466288626194
-88.42703247070312,52.71315383911133,0.6494089365005493,1.436477541923523,89.11250305175781,-0.02975466288626194
-88.42027282714844,53.25178146362305,0.662004828453064,1.367034912109375,89.19756317138672,-0.03125002235174179
-88.42027282714844,53.25178146362305,0.662004828453064,1.367034912109375,89.19756317138672,-0.03125002235174179
-88.42027282714844,53.25178146362305,0.662004828453064,1.367034912109375,89.19756317138672,-0.03125002235174179
-88.41455078125,53.77204513549805,0.6742122769355774,1.3005430698394775,89.28372192382812,-0.03149416297674179
-88.41455078125,53.77204513549805,0.6742122769355774,1.3005430698394775,89.28372192382812,-0.03149416297674179
-88.41455078125,53.77204513549805,0.6742122769355774,1.3005430698394775,89.28372192382812,-0.03149416297674179
-88.40985870361328,54.26322937011719,0.6857514977455139,1.2407994270324707,89.3658676147461,-0.030426019802689552
-88.40985870361328,54.26322937011719,0.6857514977455139,1.2407994270324707,89.3658676147461,-0.030426019802689552
-88.40985870361328,54.26322937011719,0.6857514977455139,1.2407994270324707,89.3658676147461,-0.030426019802689552
-88.40614318847656,54.7145881652832,0.6955820918083191,1.22396981716156,89.44053649902344,-0.02874751389026642
-88.40614318847656,54.7145881652832,0.6955820918083191,1.22396981716156,89.44053649902344,-0.02874751389026642
-88.40614318847656,54.7145881652832,0.6955820918083191,1.22396981716156,89.44053649902344,-0.02874751389026642
-88.40614318847656,54.7145881652832,0.6955820918083191,1.22396981716156,89.44053649902344,-0.02874751389026642
-88.40238189697266,55.2535285949707,0.7065753936767578,1.2197624444961548,89.52542114257812,-0.026611270383000374
-88.40238189697266,55.2535285949707,0.7065753936767578,1.2197624444961548,89.52542114257812,-0.026611270383000374
-88.40238189697266,55.2535285949707,0.7065753936767578,1.2197624444961548,89.52542114257812,-0.026611270383000374
-88.39895629882812,55.8441162109375,0.7173674702644348,1.1646087169647217,89.6076889038086,-0.02398686856031418
-88.39895629882812,55.8441162109375,0.7173674702644348,1.1646087169647217,89.6076889038086,-0.02398686856031418
-88.39895629882812,55.8441162109375,0.7173674702644348,1.1646087169647217,89.6076889038086,-0.02398686856031418
-88.39598083496094,56.41987609863281,0.7273655533790588,1.0940186977386475,89.66581726074219,-0.019714290276169777
-88.39598083496094,56.41987609863281,0.7273655533790588,1.0940186977386475,89.66581726074219,-0.019714290276169777
-88.39598083496094,56.41987609863281,0.7273655533790588,1.0940186977386475,89.66581726074219,-0.019714290276169777
-88.39341735839844,56.93120574951172,0.7361885905265808,1.0295690298080444,89.69454193115234,-0.015228284522891045
-88.39341735839844,56.93120574951172,0.7361885905265808,1.0295690298080444,89.69454193115234,-0.015228284522891045
-88.39341735839844,56.93120574951172,0.7361885905265808,1.0295690298080444,89.69454193115234,-0.015228284522891045
-88.39341735839844,56.93120574951172,0.7361885905265808,1.0295690298080444,89.69454193115234,-0.015228284522891045
-88.39098358154297,57.40458679199219,0.7444078922271729,0.9701736569404602,89.70418548583984,-0.011474600993096828
-88.39098358154297,57.40458679199219,0.7444078922271729,0.9701736569404602,89.70418548583984,-0.011474600993096828
-88.38739776611328,58.02708435058594,0.7552592158317566,0.8951987028121948,89.6885986328125,-0.00549318315461278
-88.38739776611328,58.02708435058594,0.7552592158317566,0.8951987028121948,89.6885986328125,-0.00549318315461278
-88.38739776611328,58.02708435058594,0.7552592158317566,0.8951987028121948,89.6885986328125,-0.00549318315461278
-88.38407135009766,58.523216247558594,0.7630613446235657,0.878212034702301,89.65606689453125,-0.0009765649447217584
-88.38407135009766,58.523216247558594,0.7630613446235657,0.878212034702301,89.65606689453125,-0.0009765649447217584
-88.38407135009766,58.523216247558594,0.7630613446235657,0.878212034702301,89.65606689453125,-0.0009765649447217584
-88.37996673583984,59.04280471801758,0.7705171704292297,0.8725771307945251,89.60282135009766,0.004159347154200077
-88.37996673583984,59.04280471801758,0.7705171704292297,0.8725771307945251,89.60282135009766,0.004159347154200077
-88.37996673583984,59.04280471801758,0.7705171704292297,0.8725771307945251,89.60282135009766,0.004159347154200077
-88.37472534179688,59.600101470947266,0.7773849368095398,0.8209067583084106,89.52644348144531,0.00891348347067833
-88.37472534179688,59.600101470947266,0.7773849368095398,0.8209067583084106,89.52644348144531,0.00891348347067833
-88.37472534179688,59.600101470947266,0.7773849368095398,0.8209067583084106,89.52644348144531,0.00891348347067833
-88.36983489990234,60.0523796081543,0.7825786471366882,0.7665384411811829,89.45642852783203,0.011369333602488041
-88.36983489990234,60.0523796081543,0.7825786471366882,0.7665384411811829,89.45642852783203,0.011369333602488041
-88.36983489990234,60.0523796081543,0.7825786471366882,0.7665384411811829,89.45642852783203,0.011369333602488041
-88.36384582519531,60.54494857788086,0.7881555557250977,0.7049847841262817,89.37720489501953,0.013130564242601395
-88.36384582519531,60.54494857788086,0.7881555557250977,0.7049847841262817,89.37720489501953,0.013130564242601395
-88.36384582519531,60.54494857788086,0.7881555557250977,0.7049847841262817,89.37720489501953,0.013130564242601395
-88.35595703125,61.119178771972656,0.7946848273277283,0.632946789264679,89.28031158447266,0.015174376778304577
-88.35595703125,61.119178771972656,0.7946848273277283,0.632946789264679,89.28031158447266,0.015174376778304577
-88.35595703125,61.119178771972656,0.7946848273277283,0.632946789264679,89.28031158447266,0.015174376778304577
-88.35595703125,61.119178771972656,0.7946848273277283,0.632946789264679,89.28031158447266,0.015174376778304577
-88.3477554321289,61.64246368408203,0.8007199764251709,0.5678004026412964,89.1817398071289,0.01783241704106331
-88.3477554321289,61.64246368408203,0.8007199764251709,0.5678004026412964,89.1817398071289,0.01783241704106331
-88.3477554321289,61.64246368408203,0.8007199764251709,0.5678004026412964,89.1817398071289,0.01783241704106331
-88.33541870117188,62.31746292114258,0.8075248003005981,0.5348242521286011,89.0312271118164,0.024404555559158325
-88.33541870117188,62.31746292114258,0.8075248003005981,0.5348242521286011,89.0312271118164,0.024404555559158325
-88.33541870117188,62.31746292114258,0.8075248003005981,0.5348242521286011,89.0312271118164,0.024404555559158325
-88.32449340820312,62.8430061340332,0.8118925094604492,0.526054322719574,88.90499114990234,0.02848636917769909
-88.32449340820312,62.8430061340332,0.8118925094604492,0.526054322719574,88.90499114990234,0.02848636917769909
-88.32449340820312,62.8430061340332,0.8118925094604492,0.526054322719574,88.90499114990234,0.02848636917769909
-88.312744140625,63.35886001586914,0.815193772315979,0.47064781188964844,88.78302001953125,0.029671354219317436
-88.312744140625,63.35886001586914,0.815193772315979,0.47064781188964844,88.78302001953125,0.029671354219317436
-88.312744140625,63.35886001586914,0.815193772315979,0.47064781188964844,88.78302001953125,0.029671354219317436
-88.2994384765625,63.90208435058594,0.8182174563407898,0.3943272829055786,88.66766357421875,0.028222259134054184
-88.2994384765625,63.90208435058594,0.8182174563407898,0.3943272829055786,88.66766357421875,0.028222259134054184
-88.2994384765625,63.90208435058594,0.8182174563407898,0.3943272829055786,88.66766357421875,0.028222259134054184
-88.28541564941406,64.44906616210938,0.8211632966995239,0.3162582218647003,88.57794952392578,0.023827610537409782
-88.28541564941406,64.44906616210938,0.8211632966995239,0.3162582218647003,88.57794952392578,0.023827610537409782
-88.28541564941406,64.44906616210938,0.8211632966995239,0.3162582218647003,88.57794952392578,0.023827610537409782
-88.27218627929688,64.958251953125,0.8239469528198242,0.24573653936386108,88.52774047851562,0.017334938049316406
-88.27218627929688,64.958251953125,0.8239469528198242,0.24573653936386108,88.52774047851562,0.017334938049316406
-88.27218627929688,64.958251953125,0.8239469528198242,0.24573653936386108,88.52774047851562,0.017334938049316406
-88.27218627929688,64.958251953125,0.8239469528198242,0.24573653936386108,88.52774047851562,0.017334938049316406
-88.2548599243164,65.63427734375,0.8275910019874573,0.16314588487148285,88.51673889160156,0.010244224220514297
-88.2548599243164,65.63427734375,0.8275910019874573,0.16314588487148285,88.51673889160156,0.010244224220514297
-88.2548599243164,65.63427734375,0.8275910019874573,0.16314588487148285,88.51673889160156,0.010244224220514297
-88.24059295654297,66.21585083007812,0.8296070694923401,0.14785993099212646,88.55205535888672,0.0017814913298934698
-88.24059295654297,66.21585083007812,0.8296070694923401,0.14785993099212646,88.55205535888672,0.0017814913298934698
-88.24059295654297,66.21585083007812,0.8296070694923401,0.14785993099212646,88.55205535888672,0.0017814913298934698
-88.22722625732422,66.8045425415039,0.8306021094322205,0.12031377851963043,88.63069152832031,-0.005126941949129105
-88.22722625732422,66.8045425415039,0.8306021094322205,0.12031377851963043,88.63069152832031,-0.005126941949129105
-88.22722625732422,66.8045425415039,0.8306021094322205,0.12031377851963043,88.63069152832031,-0.005126941949129105
-88.21580505371094,67.35823822021484,0.8305836915969849,0.057831209152936935,88.73257446289062,-0.013336181640625
-88.21580505371094,67.35823822021484,0.8305836915969849,0.057831209152936935,88.73257446289062,-0.013336181640625
-88.21580505371094,67.35823822021484,0.8305836915969849,0.057831209152936935,88.73257446289062,-0.013336181640625
-88.20526885986328,67.92440032958984,0.8302923440933228,-0.013182264752686024,88.84944915771484,-0.01962280087172985
-88.20526885986328,67.92440032958984,0.8302923440933228,-0.013182264752686024,88.84944915771484,-0.01962280087172985
-88.20526885986328,67.92440032958984,0.8302923440933228,-0.013182264752686024,88.84944915771484,-0.01962280087172985
-88.19578552246094,68.49364471435547,0.8299922943115234,-0.07232487201690674,88.96826934814453,-0.0238342322409153
-88.19578552246094,68.49364471435547,0.8299922943115234,-0.07232487201690674,88.96826934814453,-0.0238342322409153
-88.18836975097656,68.99262237548828,0.8297969102859497,-0.12085335701704025,89.0696029663086,-0.02648925967514515
-88.18836975097656,68.99262237548828,0.8297969102859497,-0.12085335701704025,89.0696029663086,-0.02648925967514515
-88.18836975097656,68.99262237548828,0.8297969102859497,-0.12085335701704025,89.0696029663086,-0.02648925967514515
-88.18836975097656,68.99262237548828,0.8297969102859497,-0.12085335701704025,89.0696029663086,-0.02648925967514515
-88.18102264404297,69.54217529296875,0.8292597532272339,-0.1571967899799347,89.17474365234375,-0.02584838680922985
-88.18102264404297,69.54217529296875,0.8292597532272339,-0.1571967899799347,89.17474365234375,-0.02584838680922985
-88.18102264404297,69.54217529296875,0.8292597532272339,-0.1571967899799347,89.17474365234375,-0.02584838680922985
-88.1746597290039,70.08187103271484,0.8277792930603027,-0.15472427010536194,89.27012634277344,-0.0265502892434597
-88.1746597290039,70.08187103271484,0.8277792930603027,-0.15472427010536194,89.27012634277344,-0.0265502892434597
-88.1746597290039,70.08187103271484,0.8277792930603027,-0.15472427010536194,89.27012634277344,-0.0265502892434597
-88.1746597290039,70.08187103271484,0.8277792930603027,-0.15472427010536194,89.27012634277344,-0.0265502892434597
-88.16841888427734,70.69464874267578,0.8249165415763855,-0.1881990283727646,89.37238311767578,-0.026245122775435448
-88.16841888427734,70.69464874267578,0.8249165415763855,-0.1881990283727646,89.37238311767578,-0.026245122775435448
-88.16841888427734,70.69464874267578,0.8249165415763855,-0.1881990283727646,89.37238311767578,-0.026245122775435448
-88.16282653808594,71.34097290039062,0.8209653496742249,-0.26010042428970337,89.47026062011719,-0.026184093207120895
-88.16282653808594,71.34097290039062,0.8209653496742249,-0.26010042428970337,89.47026062011719,-0.026184093207120895
-88.16282653808594,71.34097290039062,0.8209653496742249,-0.26010042428970337,89.47026062011719,-0.026184093207120895
-88.15798950195312,71.9585952758789,0.8169931769371033,-0.33545106649398804,89.53678131103516,-0.022308338433504105
-88.15798950195312,71.9585952758789,0.8169931769371033,-0.33545106649398804,89.53678131103516,-0.022308338433504105
-88.15798950195312,71.9585952758789,0.8169931769371033,-0.33545106649398804,89.53678131103516,-0.022308338433504105
-88.15412139892578,72.4715576171875,0.81373131275177,-0.3988010585308075,89.56766510009766,-0.017974821850657463
-88.15412139892578,72.4715576171875,0.81373131275177,-0.3988010585308075,89.56766510009766,-0.017974821850657463
-88.15412139892578,72.4715576171875,0.81373131275177,-0.3988010585308075,89.56766510009766,-0.017974821850657463
-88.1494140625,73.08279418945312,0.8098524212837219,-0.46972575783729553,89.57585906982422,-0.01119996514171362
-88.1494140625,73.08279418945312,0.8098524212837219,-0.46972575783729553,89.57585906982422,-0.01119996514171362
-88.1494140625,73.08279418945312,0.8098524212837219,-0.46972575783729553,89.57585906982422,-0.01119996514171362
-88.14470672607422,73.6812515258789,0.8049793839454651,-0.4861113727092743,89.56807708740234,-0.006713863927870989
-88.14470672607422,73.6812515258789,0.8049793839454651,-0.4861113727092743,89.56807708740234,-0.006713863927870989
-88.14470672607422,73.6812515258789,0.8049793839454651,-0.4861113727092743,89.56807708740234,-0.006713863927870989
-88.13887786865234,74.40591430664062,0.7976366877555847,-0.5194085240364075,89.55171966552734,-0.0019225904252380133
-88.13887786865234,74.40591430664062,0.7976366877555847,-0.5194085240364075,89.55171966552734,-0.0019225904252380133
-88.13887786865234,74.40591430664062,0.7976366877555847,-0.5194085240364075,89.55171966552734,-0.0019225904252380133
-88.13887786865234,74.40591430664062,0.7976366877555847,-0.5194085240364075,89.55171966552734,-0.0019225904252380133
-88.13383483886719,75.01582336425781,0.7903642654418945,-0.5879768133163452,89.53621673583984,0.000766302109695971
-88.13383483886719,75.01582336425781,0.7903642654418945,-0.5879768133163452,89.53621673583984,0.000766302109695971
-88.12786102294922,75.71560668945312,0.7817381620407104,-0.674528956413269,89.51712799072266,0.0033864076249301434
-88.12786102294922,75.71560668945312,0.7817381620407104,-0.674528956413269,89.51712799072266,0.0033864076249301434
-88.12786102294922,75.71560668945312,0.7817381620407104,-0.674528956413269,89.51712799072266,0.0033864076249301434
-88.12786102294922,75.71560668945312,0.7817381620407104,-0.674528956413269,89.51712799072266,0.0033864076249301434
-88.12786102294922,75.71560668945312,0.7817381620407104,-0.674528956413269,89.51712799072266,0.0033864076249301434
-88.12232971191406,76.33822631835938,0.7740898728370667,-0.7522223591804504,89.4985580444336,0.00545824458822608
-88.12232971191406,76.33822631835938,0.7740898728370667,-0.7522223591804504,89.4985580444336,0.00545824458822608
-88.12232971191406,76.33822631835938,0.7740898728370667,-0.7522223591804504,89.4985580444336,0.00545824458822608
-88.11572265625,77.05290222167969,0.7650391459465027,-0.8209545612335205,89.47602081298828,0.008375817909836769
-88.11572265625,77.05290222167969,0.7650391459465027,-0.8209545612335205,89.47602081298828,0.008375817909836769
-88.11572265625,77.05290222167969,0.7650391459465027,-0.8209545612335205,89.47602081298828,0.008375817909836769
-88.10920715332031,77.7317886352539,0.7550941109657288,-0.8283653259277344,89.45416259765625,0.010359411127865314
-88.10920715332031,77.7317886352539,0.7550941109657288,-0.8283653259277344,89.45416259765625,0.010359411127865314
-88.10920715332031,77.7317886352539,0.7550941109657288,-0.8283653259277344,89.45416259765625,0.010359411127865314
-88.10383605957031,78.2720947265625,0.7464317679405212,-0.8467726707458496,89.43672180175781,0.011504842899739742
-88.10383605957031,78.2720947265625,0.7464317679405212,-0.8467726707458496,89.43672180175781,0.011504842899739742
-88.10383605957031,78.2720947265625,0.7464317679405212,-0.8467726707458496,89.43672180175781,0.011504842899739742
-88.10383605957031,78.2720947265625,0.7464317679405212,-0.8467726707458496,89.43672180175781,0.011504842899739742
-88.09795379638672,78.8458023071289,0.7368887066841125,-0.8767708539962769,89.41827392578125,0.012415535748004913
-88.09795379638672,78.8458023071289,0.7368887066841125,-0.8767708539962769,89.41827392578125,0.012415535748004913
-88.09795379638672,78.8458023071289,0.7368887066841125,-0.8767708539962769,89.41827392578125,0.012415535748004913
-88.09795379638672,78.8458023071289,0.7368887066841125,-0.8767708539962769,89.41827392578125,0.012415535748004913
-88.09117889404297,79.48551940917969,0.7261552810668945,-0.9135718941688538,89.39762878417969,0.013301296159625053
-88.09117889404297,79.48551940917969,0.7261552810668945,-0.9135718941688538,89.39762878417969,0.013301296159625053
-88.09117889404297,79.48551940917969,0.7261552810668945,-0.9135718941688538,89.39762878417969,0.013301296159625053
-88.08165740966797,80.35346221923828,0.7116886973381042,-0.9650236964225769,89.37061309814453,0.014117281883955002
-88.08165740966797,80.35346221923828,0.7116886973381042,-0.9650236964225769,89.37061309814453,0.014117281883955002
-88.08165740966797,80.35346221923828,0.7116886973381042,-0.9650236964225769,89.37061309814453,0.014117281883955002
-88.08165740966797,80.35346221923828,0.7116886973381042,-0.9650236964225769,89.37061309814453,0.014117281883955002
-88.07329559326172,81.09325408935547,0.6989762187004089,-0.9850088357925415,89.35210418701172,0.014697164297103882
-88.07329559326172,81.09325408935547,0.6989762187004089,-0.9850088357925415,89.35210418701172,0.014697164297103882
-88.07329559326172,81.09325408935547,0.6989762187004089,-0.9850088357925415,89.35210418701172,0.014697164297103882
-88.06658172607422,81.68472290039062,0.6883928775787354,-0.9836428165435791,89.34446716308594,0.0136198028922081
-88.06658172607422,81.68472290039062,0.6883928775787354,-0.9836428165435791,89.34446716308594,0.0136198028922081
-88.0597915649414,82.28524017333984,0.6775528788566589,-0.9799749851226807,89.34478759765625,0.012022730894386768
-88.0597915649414,82.28524017333984,0.6775528788566589,-0.9799749851226807,89.34478759765625,0.012022730894386768
-88.0597915649414,82.28524017333984,0.6775528788566589,-0.9799749851226807,89.34478759765625,0.012022730894386768
-88.0597915649414,82.28524017333984,0.6775528788566589,-0.9799749851226807,89.34478759765625,0.012022730894386768
-88.0534439086914,82.85848236083984,0.6672052145004272,-0.9766213893890381,89.35317993164062,0.009921703487634659
-88.0534439086914,82.85848236083984,0.6672052145004272,-0.9766213893890381,89.35317993164062,0.009921703487634659
-88.0534439086914,82.85848236083984,0.6672052145004272,-0.9766213893890381,89.35317993164062,0.009921703487634659
-88.04476165771484,83.67424774169922,0.6525421142578125,-0.9731448292732239,89.38036346435547,0.006039931904524565
-88.04476165771484,83.67424774169922,0.6525421142578125,-0.9731448292732239,89.38036346435547,0.006039931904524565
-88.04476165771484,83.67424774169922,0.6525421142578125,-0.9731448292732239,89.38036346435547,0.006039931904524565
-88.03868103027344,84.2887191772461,0.6415508985519409,-0.971341609954834,89.41355895996094,0.002198462840169668
-88.03868103027344,84.2887191772461,0.6415508985519409,-0.971341609954834,89.41355895996094,0.002198462840169668
-88.03868103027344,84.2887191772461,0.6415508985519409,-0.971341609954834,89.41355895996094,0.002198462840169668
-88.03868103027344,84.2887191772461,0.6415508985519409,-0.971341609954834,89.41355895996094,0.002198462840169668
-88.0329360961914,84.9354248046875,0.6300195455551147,-0.9699346423149109,89.4678955078125,-0.003906307276338339
-88.0329360961914,84.9354248046875,0.6300195455551147,-0.9699346423149109,89.4678955078125,-0.003906307276338339
-88.0329360961914,84.9354248046875,0.6300195455551147,-0.9699346423149109,89.4678955078125,-0.003906307276338339
-88.02737426757812,85.70840454101562,0.6162751913070679,-0.9688690900802612,89.5654067993164,-0.013275089673697948
-88.02737426757812,85.70840454101562,0.6162751913070679,-0.9688690900802612,89.5654067993164,-0.013275089673697948
-88.02737426757812,85.70840454101562,0.6162751913070679,-0.9688690900802612,89.5654067993164,-0.013275089673697948
-88.02737426757812,85.70840454101562,0.6162751913070679,-0.9688690900802612,89.5654067993164,-0.013275089673697948
-88.02360534667969,86.41693878173828,0.6037030816078186,-0.968315839767456,89.67332458496094,-0.02056879550218582
-88.02360534667969,86.41693878173828,0.6037030816078186,-0.968315839767456,89.67332458496094,-0.02056879550218582
-88.02116394042969,87.11357879638672,0.5913588404655457,-0.9681382775306702,89.7856674194336,-0.026824913918972015
-88.02116394042969,87.11357879638672,0.5913588404655457,-0.9681382775306702,89.7856674194336,-0.026824913918972015
-88.02116394042969,87.11357879638672,0.5913588404655457,-0.9681382775306702,89.7856674194336,-0.026824913918972015
-88.0201187133789,87.68821716308594,0.5811855792999268,-0.9681929349899292,89.8801040649414,-0.03155512362718582
-88.0201187133789,87.68821716308594,0.5811855792999268,-0.9681929349899292,89.8801040649414,-0.03155512362718582
-88.0201187133789,87.68821716308594,0.5811855792999268,-0.9681929349899292,89.8801040649414,-0.03155512362718582
-88.0201187133789,87.68821716308594,0.5811855792999268,-0.9681929349899292,89.8801040649414,-0.03155512362718582
-88.01998138427734,88.45247650146484,0.5676635503768921,-0.9685959219932556,89.99898529052734,-0.035614013671875
-88.01998138427734,88.45247650146484,0.5676635503768921,-0.9685959219932556,89.99898529052734,-0.035614013671875
-88.01998138427734,88.45247650146484,0.5676635503768921,-0.9685959219932556,89.99898529052734,-0.035614013671875
-88.02079772949219,89.11409759521484,0.5559626221656799,-0.9694838523864746,90.08570861816406,-0.036407455801963806
-88.02079772949219,89.11409759521484,0.5559626221656799,-0.9694838523864746,90.08570861816406,-0.036407455801963806
-88.02079772949219,89.11409759521484,0.5559626221656799,-0.9694838523864746,90.08570861816406,-0.036407455801963806
-88.0223617553711,89.85791015625,0.5428125858306885,-0.9712528586387634,90.15032958984375,-0.033355750143527985
-88.0223617553711,89.85791015625,0.5428125858306885,-0.9712528586387634,90.15032958984375,-0.033355750143527985
-88.0223617553711,89.85791015625,0.5428125858306885,-0.9712528586387634,90.15032958984375,-0.033355750143527985
-88.02397918701172,90.52368927001953,0.5310449600219727,-0.9738756418228149,90.17688751220703,-0.02862550877034664
-88.02397918701172,90.52368927001953,0.5310449600219727,-0.9738756418228149,90.17688751220703,-0.02862550877034664
-88.02397918701172,90.52368927001953,0.5310449600219727,-0.9738756418228149,90.17688751220703,-0.02862550877034664
-88.02543640136719,91.11314392089844,0.5206291079521179,-0.9782674312591553,90.17847442626953,-0.02346794866025448
-88.02543640136719,91.11314392089844,0.5206291079521179,-0.9782674312591553,90.17847442626953,-0.02346794866025448
-88.02543640136719,91.11314392089844,0.5206291079521179,-0.9782674312591553,90.17847442626953,-0.02346794866025448
-88.0268325805664,91.76214599609375,0.5091654658317566,-0.9878228902816772,90.1587142944336,-0.016815168783068657
-88.0268325805664,91.76214599609375,0.5091654658317566,-0.9878228902816772,90.1587142944336,-0.016815168783068657
-88.0268325805664,91.76214599609375,0.5091654658317566,-0.9878228902816772,90.1587142944336,-0.016815168783068657
-88.02777099609375,92.36691284179688,0.49848753213882446,-1.0014628171920776,90.12200164794922,-0.00982667412608862
-88.02777099609375,92.36691284179688,0.49848753213882446,-1.0014628171920776,90.12200164794922,-0.00982667412608862
-88.02777099609375,92.36691284179688,0.49848753213882446,-1.0014628171920776,90.12200164794922,-0.00982667412608862
-88.02812957763672,93.05921936035156,0.48626601696014404,-1.0189753770828247,90.05716705322266,-0.0006714390474371612
-88.02812957763672,93.05921936035156,0.48626601696014404,-1.0189753770828247,90.05716705322266,-0.0006714390474371612
-88.027587890625,93.703369140625,0.47489428520202637,-1.0349034070968628,89.97746276855469,0.007930503226816654
-88.027587890625,93.703369140625,0.47489428520202637,-1.0349034070968628,89.97746276855469,0.007930503226816654
-88.027587890625,93.703369140625,0.47489428520202637,-1.0349034070968628,89.97746276855469,0.007930503226816654
-88.027587890625,93.703369140625,0.47489428520202637,-1.0349034070968628,89.97746276855469,0.007930503226816654
-88.02610778808594,94.31838989257812,0.4640362858772278,-1.0487003326416016,89.88666534423828,0.016183963045477867
-88.02610778808594,94.31838989257812,0.4640362858772278,-1.0487003326416016,89.88666534423828,0.016183963045477867
-88.02610778808594,94.31838989257812,0.4640362858772278,-1.0487003326416016,89.88666534423828,0.016183963045477867
-88.02369689941406,94.90887451171875,0.4536099433898926,-1.0604277849197388,89.7890396118164,0.02379431761801243
-88.02369689941406,94.90887451171875,0.4536099433898926,-1.0604277849197388,89.7890396118164,0.02379431761801243
-88.02369689941406,94.90887451171875,0.4536099433898926,-1.0604277849197388,89.7890396118164,0.02379431761801243
-88.01943969726562,95.59966278076172,0.44141054153442383,-1.07147216796875,89.66120910644531,0.03280969709157944
-88.01943969726562,95.59966278076172,0.44141054153442383,-1.07147216796875,89.66120910644531,0.03280969709157944
-88.01943969726562,95.59966278076172,0.44141054153442383,-1.07147216796875,89.66120910644531,0.03280969709157944
-88.01392364501953,96.24796295166016,0.4299599826335907,-1.0794976949691772,89.53067779541016,0.040460579097270966
-88.01392364501953,96.24796295166016,0.4299599826335907,-1.0794976949691772,89.53067779541016,0.040460579097270966
-88.01392364501953,96.24796295166016,0.4299599826335907,-1.0794976949691772,89.53067779541016,0.040460579097270966
-88.00749206542969,96.84748840332031,0.41936948895454407,-1.0852282047271729,89.40511322021484,0.0465337298810482
-88.00749206542969,96.84748840332031,0.41936948895454407,-1.0852282047271729,89.40511322021484,0.0465337298810482
-88.00749206542969,96.84748840332031,0.41936948895454407,-1.0852282047271729,89.40511322021484,0.0465337298810482
-87.99923706054688,97.48611450195312,0.4080869257450104,-1.0899683237075806,89.27228546142578,0.05148407444357872
-87.99923706054688,97.48611450195312,0.4080869257450104,-1.0899683237075806,89.27228546142578,0.05148407444357872
-87.99070739746094,98.08172607421875,0.3985285460948944,-1.0442129373550415,89.16447448730469,-0.013122599571943283
-87.99070739746094,98.08172607421875,0.3985285460948944,-1.0442129373550415,89.16447448730469,-0.013122599571943283
-87.99070739746094,98.08172607421875,0.3985285460948944,-1.0442129373550415,89.16447448730469,-0.013122599571943283
-87.99070739746094,98.08172607421875,0.3985285460948944,-1.0442129373550415,89.16447448730469,-0.013122599571943283
-87.98075103759766,98.692626953125,0.3871358335018158,-1.0859043598175049,89.08704376220703,0.045847341418266296
-87.98075103759766,98.692626953125,0.3871358335018158,-1.0859043598175049,89.08704376220703,0.045847341418266296
-87.98075103759766,98.692626953125,0.3871358335018158,-1.0859043598175049,89.08704376220703,0.045847341418266296
-87.97148895263672,99.30301666259766,0.3760882616043091,-1.0964912176132202,89.07051086425781,0.03703361377120018
-87.97148895263672,99.30301666259766,0.3760882616043091,-1.0964912176132202,89.07051086425781,0.03703361377120018
-87.96372985839844,99.86380004882812,0.36608049273490906,-1.0990934371948242,89.11836242675781,0.023357992991805077
-87.96372985839844,99.86380004882812,0.36608049273490906,-1.0990934371948242,89.11836242675781,0.023357992991805077
-87.96372985839844,99.86380004882812,0.36608049273490906,-1.0990934371948242,89.11836242675781,0.023357992991805077
-87.96372985839844,99.86380004882812,0.36608049273490906,-1.0990934371948242,89.11836242675781,0.023357992991805077
-87.95829010009766,100.35826873779297,0.3576744496822357,-1.1191127300262451,89.2044677734375,-0.05093379691243172
-87.95829010009766,100.35826873779297,0.3576744496822357,-1.1191127300262451,89.2044677734375,-0.05093379691243172
-87.95829010009766,100.35826873779297,0.3576744496822357,-1.1191127300262451,89.2044677734375,-0.05093379691243172
-87.95156860351562,101.00934600830078,0.3469219207763672,-1.1415977478027344,89.36723327636719,-0.05200193449854851
-87.95156860351562,101.00934600830078,0.3469219207763672,-1.1415977478027344,89.36723327636719,-0.05200193449854851
-87.95156860351562,101.00934600830078,0.3469219207763672,-1.1415977478027344,89.36723327636719,-0.05200193449854851
-87.94762420654297,101.61753845214844,0.3354240655899048,-1.1062241792678833,89.54658508300781,-0.024017391726374626
-87.94762420654297,101.61753845214844,0.3354240655899048,-1.1062241792678833,89.54658508300781,-0.024017391726374626
-87.94762420654297,101.61753845214844,0.3354240655899048,-1.1062241792678833,89.54658508300781,-0.024017391726374626
-87.94583129882812,102.19979095458984,0.32485339045524597,-1.098724603652954,89.72332763671875,-0.03253171592950821
-87.94583129882812,102.19979095458984,0.32485339045524597,-1.098724603652954,89.72332763671875,-0.03253171592950821
-87.94583129882812,102.19979095458984,0.32485339045524597,-1.098724603652954,89.72332763671875,-0.03253171592950821
-87.94564056396484,102.71973419189453,0.3155711591243744,-1.0970444679260254,89.88082122802734,-0.04022213816642761
-87.94564056396484,102.71973419189453,0.3155711591243744,-1.0970444679260254,89.88082122802734,-0.04022213816642761
-87.94728088378906,103.36001586914062,0.3042258322238922,-1.0963751077651978,90.0743408203125,-0.048553504049777985
-87.94728088378906,103.36001586914062,0.3042258322238922,-1.0963751077651978,90.0743408203125,-0.048553504049777985
-87.94728088378906,103.36001586914062,0.3042258322238922,-1.0963751077651978,90.0743408203125,-0.048553504049777985
-87.94728088378906,103.36001586914062,0.3042258322238922,-1.0963751077651978,90.0743408203125,-0.048553504049777985
-87.95013427734375,103.86361694335938,0.29532864689826965,-1.0959993600845337,90.2264633178711,-0.054351840168237686
-87.95013427734375,103.86361694335938,0.29532864689826965,-1.0959993600845337,90.2264633178711,-0.054351840168237686
-87.95508575439453,104.44156646728516,0.28519394993782043,-1.0913070440292358,90.40119934082031,-0.0595398023724556
-87.95508575439453,104.44156646728516,0.28519394993782043,-1.0913070440292358,90.40119934082031,-0.0595398023724556
-87.95508575439453,104.44156646728516,0.28519394993782043,-1.0913070440292358,90.40119934082031,-0.0595398023724556
-87.9625015258789,105.0702896118164,0.27457141876220703,-1.0635969638824463,90.59159088134766,-0.0645752027630806
-87.9625015258789,105.0702896118164,0.27457141876220703,-1.0635969638824463,90.59159088134766,-0.0645752027630806
-87.9625015258789,105.0702896118164,0.27457141876220703,-1.0635969638824463,90.59159088134766,-0.0645752027630806
-87.9697036743164,105.5631332397461,0.26637592911720276,-1.026577353477478,90.73400115966797,-0.0665893480181694
-87.9697036743164,105.5631332397461,0.26637592911720276,-1.026577353477478,90.73400115966797,-0.0665893480181694
-87.9697036743164,105.5631332397461,0.26637592911720276,-1.026577353477478,90.73400115966797,-0.0665893480181694
-87.97819519042969,106.09532928466797,0.2575611174106598,-0.985596239566803,90.85234069824219,-0.06192019209265709
-87.97819519042969,106.09532928466797,0.2575611174106598,-0.985596239566803,90.85234069824219,-0.06192019209265709
-87.97819519042969,106.09532928466797,0.2575611174106598,-0.985596239566803,90.85234069824219,-0.06192019209265709
-87.97819519042969,106.09532928466797,0.2575611174106598,-0.985596239566803,90.85234069824219,-0.06192019209265709
-87.98626708984375,106.60517120361328,0.24911949038505554,-0.9491503834724426,90.9046630859375,-0.05062868446111679
-87.98626708984375,106.60517120361328,0.24911949038505554,-0.9491503834724426,90.9046630859375,-0.05062868446111679
-87.98626708984375,106.60517120361328,0.24911949038505554,-0.9491503834724426,90.9046630859375,-0.05062868446111679
-87.99520111083984,107.26954650878906,0.23818883299827576,-0.9103685617446899,90.84761047363281,-0.025390643626451492
-87.99520111083984,107.26954650878906,0.23818883299827576,-0.9103685617446899,90.84761047363281,-0.025390643626451492
-87.99520111083984,107.26954650878906,0.23818883299827576,-0.9103685617446899,90.84761047363281,-0.025390643626451492
-88.00035858154297,107.74519348144531,0.23069967329502106,-0.9006013870239258,90.74866485595703,-0.010437018238008022
-88.00035858154297,107.74519348144531,0.23069967329502106,-0.9006013870239258,90.74866485595703,-0.010437018238008022
-88.00035858154297,107.74519348144531,0.23069967329502106,-0.9006013870239258,90.74866485595703,-0.010437018238008022
-88.00566101074219,108.40216827392578,0.22058214247226715,-0.8959909677505493,90.5733413696289,0.006097729317843914
-88.00566101074219,108.40216827392578,0.22058214247226715,-0.8959909677505493,90.5733413696289,0.006097729317843914
-88.00566101074219,108.40216827392578,0.22058214247226715,-0.8959909677505493,90.5733413696289,0.006097729317843914
-88.00841522216797,108.96097564697266,0.21202856302261353,-0.8943722248077393,90.40641784667969,0.018181562423706055
-88.00841522216797,108.96097564697266,0.21202856302261353,-0.8943722248077393,90.40641784667969,0.018181562423706055
-88.00910949707031,109.4972152709961,0.20381386578083038,-0.8934569954872131,90.22000122070312,0.032146696001291275
-88.00910949707031,109.4972152709961,0.20381386578083038,-0.8934569954872131,90.22000122070312,0.032146696001291275
-88.00910949707031,109.4972152709961,0.20381386578083038,-0.8934569954872131,90.22000122070312,0.032146696001291275
-88.00910949707031,109.4972152709961,0.20381386578083038,-0.8934569954872131,90.22000122070312,0.032146696001291275
-88.00765228271484,110.01478576660156,0.19589154422283173,-0.8936414122581482,90.01160430908203,0.04918612167239189
-88.00765228271484,110.01478576660156,0.19589154422283173,-0.8936414122581482,90.01160430908203,0.04918612167239189
-88.00765228271484,110.01478576660156,0.19589154422283173,-0.8936414122581482,90.01160430908203,0.04918612167239189
-88.00338745117188,110.58231353759766,0.18747282028198242,-0.9192751049995422,89.75115966796875,0.08457937836647034
-88.00338745117188,110.58231353759766,0.18747282028198242,-0.9192751049995422,89.75115966796875,0.08457937836647034
-88.00338745117188,110.58231353759766,0.18747282028198242,-0.9192751049995422,89.75115966796875,0.08457937836647034
-87.99777221679688,111.05429077148438,0.18076619505882263,-0.927150309085846,89.51740264892578,0.09639454632997513
-87.99777221679688,111.05429077148438,0.18076619505882263,-0.927150309085846,89.51740264892578,0.09639454632997513
-87.99777221679688,111.05429077148438,0.18076619505882263,-0.927150309085846,89.51740264892578,0.09639454632997513
-87.9901123046875,111.52421569824219,0.1742236167192459,-0.918824315071106,89.27779388427734,0.10423114150762558
-87.9901123046875,111.52421569824219,0.1742236167192459,-0.918824315071106,89.27779388427734,0.10423114150762558
-87.9901123046875,111.52421569824219,0.1742236167192459,-0.918824315071106,89.27779388427734,0.10423114150762558
-87.9811019897461,111.96021270751953,0.16819092631340027,-0.9021313190460205,89.05294036865234,0.11009421199560165
-87.9811019897461,111.96021270751953,0.16819092631340027,-0.9021313190460205,89.05294036865234,0.11009421199560165
-87.9811019897461,111.96021270751953,0.16819092631340027,-0.9021313190460205,89.05294036865234,0.11009421199560165
-87.9811019897461,111.96021270751953,0.16819092631340027,-0.9021313190460205,89.05294036865234,0.11009421199560165
-87.96804809570312,112.47674560546875,0.16103677451610565,-0.8743870854377747,88.78459167480469,0.11556742340326309
-87.96804809570312,112.47674560546875,0.16103677451610565,-0.8743870854377747,88.78459167480469,0.11556742340326309
-87.96804809570312,112.47674560546875,0.16103677451610565,-0.8743870854377747,88.78459167480469,0.11556742340326309
-87.95330810546875,112.96143341064453,0.1543702334165573,-0.847196102142334,88.52845764160156,0.1292368322610855
-87.95330810546875,112.96143341064453,0.1543702334165573,-0.847196102142334,88.52845764160156,0.1292368322610855
-87.95330810546875,112.96143341064453,0.1543702334165573,-0.847196102142334,88.52845764160156,0.1292368322610855
-87.93927764892578,113.36395263671875,0.1490408033132553,-0.8323336243629456,88.31217956542969,0.1501206010580063
-87.93927764892578,113.36395263671875,0.1490408033132553,-0.8323336243629456,88.31217956542969,0.1501206010580063
-87.93927764892578,113.36395263671875,0.1490408033132553,-0.8323336243629456,88.31217956542969,0.1501206010580063
-87.9216079711914,113.81896209716797,0.1433306634426117,-0.8271768689155579,88.06510925292969,0.15502460300922394
-87.9216079711914,113.81896209716797,0.1433306634426117,-0.8271768689155579,88.06510925292969,0.15502460300922394
-87.9216079711914,113.81896209716797,0.1433306634426117,-0.8271768689155579,88.06510925292969,0.15502460300922394
-87.9015884399414,114.27886199951172,0.13771942257881165,-0.8256263732910156,87.81385040283203,0.15710416436195374
-87.9015884399414,114.27886199951172,0.13771942257881165,-0.8256263732910156,87.81385040283203,0.15710416436195374
-87.9015884399414,114.27886199951172,0.13771942257881165,-0.8256263732910156,87.81385040283203,0.15710416436195374
-87.88268280029297,114.67449951171875,0.13296997547149658,-0.8217400312423706,87.5970687866211,0.15276730060577393
-87.88268280029297,114.67449951171875,0.13296997547149658,-0.8217400312423706,87.5970687866211,0.15276730060577393
-87.88268280029297,114.67449951171875,0.13296997547149658,-0.8217400312423706,87.5970687866211,0.15276730060577393
-87.86026000976562,115.11164855957031,0.12777434289455414,-0.8145751357078552,87.37227630615234,0.14184260368347168
-87.86026000976562,115.11164855957031,0.12777434289455414,-0.8145751357078552,87.37227630615234,0.14184260368347168
-87.86026000976562,115.11164855957031,0.12777434289455414,-0.8145751357078552,87.37227630615234,0.14184260368347168
-87.83189392089844,115.63651275634766,0.12153911590576172,-0.8048626184463501,87.14913940429688,0.1235576719045639
-87.83189392089844,115.63651275634766,0.12153911590576172,-0.8048626184463501,87.14913940429688,0.1235576719045639
-87.83189392089844,115.63651275634766,0.12153911590576172,-0.8048626184463501,87.14913940429688,0.1235576719045639
-87.83189392089844,115.63651275634766,0.12153911590576172,-0.8048626184463501,87.14913940429688,0.1235576719045639
-87.80786895751953,116.0727310180664,0.11636543273925781,-0.7949793338775635,87.02565002441406,0.10638459771871567
-87.80786895751953,116.0727310180664,0.11636543273925781,-0.7949793338775635,87.02565002441406,0.10638459771871567
-87.80786895751953,116.0727310180664,0.11636543273925781,-0.7949793338775635,87.02565002441406,0.10638459771871567
-87.78600311279297,116.47835540771484,0.11160334944725037,-0.7826166749000549,86.98110961914062,0.09081792831420898
-87.78600311279297,116.47835540771484,0.11160334944725037,-0.7826166749000549,86.98110961914062,0.09081792831420898
-87.78600311279297,116.47835540771484,0.11160334944725037,-0.7826166749000549,86.98110961914062,0.09081792831420898
-87.76580810546875,116.87330627441406,0.10697730630636215,-0.7700764536857605,87.01060485839844,0.07366842031478882
-87.76580810546875,116.87330627441406,0.10697730630636215,-0.7700764536857605,87.01060485839844,0.07366842031478882
-87.75011444091797,117.19507598876953,0.1032092273235321,-0.7601044178009033,87.06703186035156,0.0633956640958786
-87.75011444091797,117.19507598876953,0.1032092273235321,-0.7601044178009033,87.06703186035156,0.0633956640958786
-87.75011444091797,117.19507598876953,0.1032092273235321,-0.7601044178009033,87.06703186035156,0.0633956640958786
-87.7331314086914,117.55651092529297,0.09903906285762787,-0.755029559135437,87.14306640625,0.04960663616657257
-87.7331314086914,117.55651092529297,0.09903906285762787,-0.755029559135437,87.14306640625,0.04960663616657257
-87.7331314086914,117.55651092529297,0.09903906285762787,-0.755029559135437,87.14306640625,0.04960663616657257
-87.71660614013672,117.91960906982422,0.09489458799362183,-0.7579870223999023,87.22325897216797,0.03701603785157204
-87.71660614013672,117.91960906982422,0.09489458799362183,-0.7579870223999023,87.22325897216797,0.03701603785157204
-87.71660614013672,117.91960906982422,0.09489458799362183,-0.7579870223999023,87.22325897216797,0.03701603785157204
-87.70155334472656,118.2629165649414,0.09099021553993225,-0.7676653861999512,87.30249786376953,0.02574830874800682
-87.70155334472656,118.2629165649414,0.09099021553993225,-0.7676653861999512,87.30249786376953,0.02574830874800682
-87.70155334472656,118.2629165649414,0.09099021553993225,-0.7676653861999512,87.30249786376953,0.02574830874800682
-87.687255859375,118.60179138183594,0.08714492619037628,-0.789638102054596,87.38481140136719,0.015392146073281765
-87.687255859375,118.60179138183594,0.08714492619037628,-0.789638102054596,87.38481140136719,0.015392146073281765
-87.687255859375,118.60179138183594,0.08714492619037628,-0.789638102054596,87.38481140136719,0.015392146073281765
-87.67520141601562,118.89706420898438,0.0838472843170166,-0.8242193460464478,87.45781707763672,0.01207064650952816
-87.67520141601562,118.89706420898438,0.0838472843170166,-0.8242193460464478,87.45781707763672,0.01207064650952816
-87.67520141601562,118.89706420898438,0.0838472843170166,-0.8242193460464478,87.45781707763672,0.01207064650952816
-87.66156005859375,119.24275970458984,0.08021630346775055,-0.8669422268867493,87.53855895996094,0.01061786338686943
-87.66156005859375,119.24275970458984,0.08021630346775055,-0.8669422268867493,87.53855895996094,0.01061786338686943
-87.66156005859375,119.24275970458984,0.08021630346775055,-0.8669422268867493,87.53855895996094,0.01061786338686943
-87.65304565429688,119.46183013916016,0.07791078090667725,-0.8883001804351807,87.58126831054688,0.012679127976298332
-87.65304565429688,119.46183013916016,0.07791078090667725,-0.8883001804351807,87.58126831054688,0.012679127976298332
-87.65304565429688,119.46183013916016,0.07791078090667725,-0.8883001804351807,87.58126831054688,0.012679127976298332
-87.6442642211914,119.68517303466797,0.07564572989940643,-0.9074383974075317,87.60885620117188,0.013876122422516346
-87.6442642211914,119.68517303466797,0.07564572989940643,-0.9074383974075317,87.60885620117188,0.013876122422516346
-87.6442642211914,119.68517303466797,0.07564572989940643,-0.9074383974075317,87.60885620117188,0.013876122422516346
-87.6366195678711,119.87117767333984,0.07396090030670166,-0.9135445952415466,87.61119842529297,0.010653994977474213
-87.6366195678711,119.87117767333984,0.07396090030670166,-0.9135445952415466,87.61119842529297,0.010653994977474213
-87.6366195678711,119.87117767333984,0.07396090030670166,-0.9135445952415466,87.61119842529297,0.010653994977474213
-87.62887573242188,120.04725646972656,0.07268983870744705,-0.9095489382743835,87.59110260009766,0.013856303878128529
-87.62887573242188,120.04725646972656,0.07268983870744705,-0.9095489382743835,87.59110260009766,0.013856303878128529
-87.62887573242188,120.04725646972656,0.07268983870744705,-0.9095489382743835,87.59110260009766,0.013856303878128529
-87.6217041015625,120.20048522949219,0.07168519496917725,-0.9026845693588257,87.55686950683594,0.015845470130443573
-87.6217041015625,120.20048522949219,0.07168519496917725,-0.9026845693588257,87.55686950683594,0.015845470130443573
-87.61648559570312,120.30840301513672,0.07107862085103989,-0.8969062566757202,87.52873992919922,0.014951915480196476
-87.61648559570312,120.30840301513672,0.07107862085103989,-0.8969062566757202,87.52873992919922,0.014951915480196476
-87.61648559570312,120.30840301513672,0.07107862085103989,-0.8969062566757202,87.52873992919922,0.014951915480196476
-87.61648559570312,120.30840301513672,0.07107862085103989,-0.8969062566757202,87.52873992919922,0.014951915480196476
-87.6129379272461,120.38045501708984,0.07065404951572418,-0.8963939547538757,87.50959777832031,0.01308426819741726
-87.6129379272461,120.38045501708984,0.07065404951572418,-0.8963939547538757,87.50959777832031,0.01308426819741726
-87.61048889160156,120.42990112304688,0.07042722404003143,-0.9001711010932922,87.49639892578125,0.010817873291671276
-87.61048889160156,120.42990112304688,0.07042722404003143,-0.9001711010932922,87.49639892578125,0.010817873291671276
-87.61048889160156,120.42990112304688,0.07042722404003143,-0.9001711010932922,87.49639892578125,0.010817873291671276
-87.60980224609375,120.44346618652344,0.07041483372449875,-0.9146715402603149,87.49575805664062,0.00863899476826191
-87.60980224609375,120.44346618652344,0.07041483372449875,-0.9146715402603149,87.49575805664062,0.00863899476826191
-87.60980224609375,120.44346618652344,0.07041483372449875,-0.9146715402603149,87.49575805664062,0.00863899476826191
-87.60980224609375,120.44346618652344,0.07041483372449875,-0.9146715402603149,87.49575805664062,0.00863899476826191
-87.60979461669922,120.44376373291016,0.07039444893598557,-0.8653234243392944,87.4957046508789,0.007939346134662628
-87.60979461669922,120.44376373291016,0.07039444893598557,-0.8653234243392944,87.4957046508789,0.007939346134662628
-87.60979461669922,120.44376373291016,0.07039444893598557,-0.8653234243392944,87.4957046508789,0.007939346134662628
-87.60975646972656,120.4443359375,0.07035403698682785,-0.773040771484375,87.49576568603516,0.008254767395555973
-87.60975646972656,120.4443359375,0.07035403698682785,-0.773040771484375,87.49576568603516,0.008254767395555973
-87.60975646972656,120.4443359375,0.07035403698682785,-0.773040771484375,87.49576568603516,0.008254767395555973
